regional,sigla_estados_regional,provincia_eclesiastica,papel_na_provincia,tipo_circunscricao,circunscricao,ano_criacao,url_cnbb_regional,fonte_wikipedia,estado,municipio_sede,regiao,bairro,endereco,nome_da_igreja_paroquia,cnpj,canal_de_doacoes,contato,nome_do_paroco
Regional Norte I,"AM, RR",Província Eclesiástica de Manaus,sede metropolitana,Arquidiocese,Arquidiocese de Manaus,1952,https://www.cnbb.org.br/norte-1/,https://pt.wikipedia.org/wiki/Circunscri%C3%A7%C3%B5es_eclesi%C3%A1sticas_cat%C3%B3licas_do_Brasil,,,,,,,,,,
Regional Norte I,"AM, RR",Província Eclesiástica de Manaus,sufragânea,Prelazia,Prelazia de Tefé,1950,https://www.cnbb.org.br/norte-1/,https://pt.wikipedia.org/wiki/Circunscri%C3%A7%C3%B5es_eclesi%C3%A1sticas_cat%C3%B3licas_do_Brasil,,,,,,,,,,
Regional Norte I,"AM, RR",Província Eclesiástica de Manaus,sufragânea,Diocese,Diocese de Parintins,1955,https://www.cnbb.org.br/norte-1/,https://pt.wikipedia.org/wiki/Circunscri%C3%A7%C3%B5es_eclesi%C3%A1sticas_cat%C3%B3licas_do_Brasil,,,,,,,,,,
Regional Norte I,"AM, RR",Província Eclesiástica de Manaus,sufragânea,Prelazia,Prelazia de Itacoatiara,1963,https://www.cnbb.org.br/norte-1/,https://pt.wikipedia.org/wiki/Circunscri%C3%A7%C3%B5es_eclesi%C3%A1sticas_cat%C3%B3licas_do_Brasil,,,,,,,,,,
Regional Norte I,"AM, RR",Província Eclesiástica de Manaus,sufragânea,Diocese,Diocese de Roraima,1979,https://www.cnbb.org.br/norte-1/,https://pt.wikipedia.org/wiki/Circunscri%C3%A7%C3%B5es_eclesi%C3%A1sticas_cat%C3%B3licas_do_Brasil,,,,,,,,,,
Regional Norte I,"AM, RR",Província Eclesiástica de Manaus,sufragânea,Diocese,Diocese de São Gabriel da Cachoeira,1980,https://www.cnbb.org.br/norte-1/,https://pt.wikipedia.org/wiki/Circunscri%C3%A7%C3%B5es_eclesi%C3%A1sticas_cat%C3%B3licas_do_Brasil,,,,,,,,,,
Regional Norte I,"AM, RR",Província Eclesiástica de Manaus,sufragânea,Diocese,Diocese de Alto Solimões,1991,https://www.cnbb.org.br/norte-1/,https://pt.wikipedia.org/wiki/Circunscri%C3%A7%C3%B5es_eclesi%C3%A1sticas_cat%C3%B3licas_do_Brasil,,,,,,,,,,
Regional Norte I,"AM, RR",Província Eclesiástica de Manaus,sufragânea,Diocese,Diocese de Coari,2013,https://www.cnbb.org.br/norte-1/,https://pt.wikipedia.org/wiki/Circunscri%C3%A7%C3%B5es_eclesi%C3%A1sticas_cat%C3%B3licas_do_Brasil,,,,,,,,,,
Regional Norte I,"AM, RR",Província Eclesiástica de Manaus,sufragânea,Diocese,Diocese de Borba,2022,https://www.cnbb.org.br/norte-1/,https://pt.wikipedia.org/wiki/Circunscri%C3%A7%C3%B5es_eclesi%C3%A1sticas_cat%C3%B3licas_do_Brasil,,,,,,,,,,
Regional Norte II,"PA, AP",Província Eclesiástica de Belém do Pará,sede metropolitana,Arquidiocese,Arquidiocese de Belém do Pará,1906,https://www.cnbb.org.br/norte-2/,https://pt.wikipedia.org/wiki/Circunscri%C3%A7%C3%B5es_eclesi%C3%A1sticas_cat%C3%B3licas_do_Brasil,,,,,,,,,,
Regional Norte II,"PA, AP",Província Eclesiástica de Belém do Pará,sufragânea,Prelazia,Prelazia de Marajó,1928,https://www.cnbb.org.br/norte-2/,https://pt.wikipedia.org/wiki/Circunscri%C3%A7%C3%B5es_eclesi%C3%A1sticas_cat%C3%B3licas_do_Brasil,,,,,,,,,,
Regional Norte II,"PA, AP",Província Eclesiástica de Belém do Pará,sufragânea,Diocese,Diocese de Marabá,1979,https://www.cnbb.org.br/norte-2/,https://pt.wikipedia.org/wiki/Circunscri%C3%A7%C3%B5es_eclesi%C3%A1sticas_cat%C3%B3licas_do_Brasil,,,,,,,,,,
Regional Norte II,"PA, AP",Província Eclesiástica de Belém do Pará,sufragânea,Diocese,Diocese de Ponta de Pedras,1979,https://www.cnbb.org.br/norte-2/,https://pt.wikipedia.org/wiki/Circunscri%C3%A7%C3%B5es_eclesi%C3%A1sticas_cat%C3%B3licas_do_Brasil,,,,,,,,,,
Regional Norte II,"PA, AP",Província Eclesiástica de Belém do Pará,sufragânea,Diocese,Diocese de Bragança do Pará,1979,https://www.cnbb.org.br/norte-2/,https://pt.wikipedia.org/wiki/Circunscri%C3%A7%C3%B5es_eclesi%C3%A1sticas_cat%C3%B3licas_do_Brasil,,,,,,,,,,
Regional Norte II,"PA, AP",Província Eclesiástica de Belém do Pará,sufragânea,Diocese,Diocese de Macapá,1980,https://www.cnbb.org.br/norte-2/,https://pt.wikipedia.org/wiki/Circunscri%C3%A7%C3%B5es_eclesi%C3%A1sticas_cat%C3%B3licas_do_Brasil,,,,,,,,,,
Regional Norte II,"PA, AP",Província Eclesiástica de Belém do Pará,sufragânea,Diocese,Diocese de Abaetetuba,1981,https://www.cnbb.org.br/norte-2/,https://pt.wikipedia.org/wiki/Circunscri%C3%A7%C3%B5es_eclesi%C3%A1sticas_cat%C3%B3licas_do_Brasil,,,,,,,,,,
Regional Norte II,"PA, AP",Província Eclesiástica de Belém do Pará,sufragânea,Diocese,Diocese de Castanhal,2004,https://www.cnbb.org.br/norte-2/,https://pt.wikipedia.org/wiki/Circunscri%C3%A7%C3%B5es_eclesi%C3%A1sticas_cat%C3%B3licas_do_Brasil,,,,,,,,,,
Regional Norte II,"PA, AP",Província Eclesiástica de Belém do Pará,sufragânea,Diocese,Diocese de Cametá,2013,https://www.cnbb.org.br/norte-2/,https://pt.wikipedia.org/wiki/Circunscri%C3%A7%C3%B5es_eclesi%C3%A1sticas_cat%C3%B3licas_do_Brasil,,,,,,,,,,
Regional Norte II,"PA, AP",Província Eclesiástica de Santarém,sede metropolitana,Arquidiocese,Arquidiocese de Santarém,2019,https://www.cnbb.org.br/norte-2/,https://pt.wikipedia.org/wiki/Circunscri%C3%A7%C3%B5es_eclesi%C3%A1sticas_cat%C3%B3licas_do_Brasil,,,,,,,,,,
Regional Norte II,"PA, AP",Província Eclesiástica de Santarém,sufragânea,Prelazia,Prelazia de Itaituba,1988,https://www.cnbb.org.br/norte-2/,https://pt.wikipedia.org/wiki/Circunscri%C3%A7%C3%B5es_eclesi%C3%A1sticas_cat%C3%B3licas_do_Brasil,,,,,,,,,,
Regional Norte II,"PA, AP",Província Eclesiástica de Santarém,sufragânea,Diocese,Diocese de Óbidos,2011,https://www.cnbb.org.br/norte-2/,https://pt.wikipedia.org/wiki/Circunscri%C3%A7%C3%B5es_eclesi%C3%A1sticas_cat%C3%B3licas_do_Brasil,,,,,,,,,,
Regional Norte II,"PA, AP",Província Eclesiástica de Santarém,sufragânea,Diocese,Diocese de Xingu-Altamira,2019,https://www.cnbb.org.br/norte-2/,https://pt.wikipedia.org/wiki/Circunscri%C3%A7%C3%B5es_eclesi%C3%A1sticas_cat%C3%B3licas_do_Brasil,,,,,,,,,,
Regional Norte II,"PA, AP",Província Eclesiástica de Santarém,sufragânea,Prelazia,Prelazia de Alto Xingu-Tucumã,2019,https://www.cnbb.org.br/norte-2/,https://pt.wikipedia.org/wiki/Circunscri%C3%A7%C3%B5es_eclesi%C3%A1sticas_cat%C3%B3licas_do_Brasil,,,,,,,,,,
Regional Norte III,"TO, PA, MT",Província Eclesiástica de Palmas,sede metropolitana,Arquidiocese,Arquidiocese de Palmas,1996,https://www.cnbb.org.br/norte-3/,https://pt.wikipedia.org/wiki/Circunscri%C3%A7%C3%B5es_eclesi%C3%A1sticas_cat%C3%B3licas_do_Brasil,,,,,,,,,,
Regional Norte III,"TO, PA, MT",Província Eclesiástica de Palmas,sufragânea,Diocese,Diocese de Porto Nacional,1915,https://www.cnbb.org.br/norte-3/,https://pt.wikipedia.org/wiki/Circunscri%C3%A7%C3%B5es_eclesi%C3%A1sticas_cat%C3%B3licas_do_Brasil,,,,,,,,,,
Regional Norte III,"TO, PA, MT",Província Eclesiástica de Palmas,sufragânea,Prelazia,Prelazia de São Félix,1969,https://www.cnbb.org.br/norte-3/,https://pt.wikipedia.org/wiki/Circunscri%C3%A7%C3%B5es_eclesi%C3%A1sticas_cat%C3%B3licas_do_Brasil,,,,,,,,,,
Regional Norte III,"TO, PA, MT",Província Eclesiástica de Palmas,sufragânea,Diocese,Diocese de Santíssima Conceição do Araguaia,1979,https://www.cnbb.org.br/norte-3/,https://pt.wikipedia.org/wiki/Circunscri%C3%A7%C3%B5es_eclesi%C3%A1sticas_cat%C3%B3licas_do_Brasil,,,,,,,,,,
Regional Norte III,"TO, PA, MT",Província Eclesiástica de Palmas,sufragânea,Diocese,Diocese de Tocantinópolis,1980,https://www.cnbb.org.br/norte-3/,https://pt.wikipedia.org/wiki/Circunscri%C3%A7%C3%B5es_eclesi%C3%A1sticas_cat%C3%B3licas_do_Brasil,,,,,,,,,,
Regional Norte III,"TO, PA, MT",Província Eclesiástica de Palmas,sufragânea,Diocese,Diocese de Miracema do Tocantins,1989,https://www.cnbb.org.br/norte-3/,https://pt.wikipedia.org/wiki/Circunscri%C3%A7%C3%B5es_eclesi%C3%A1sticas_cat%C3%B3licas_do_Brasil,,,,,,,,,,
Regional Norte III,"TO, PA, MT",Província Eclesiástica de Palmas,sufragânea,Diocese,Diocese de Cristalândia,2019,https://www.cnbb.org.br/norte-3/,https://pt.wikipedia.org/wiki/Circunscri%C3%A7%C3%B5es_eclesi%C3%A1sticas_cat%C3%B3licas_do_Brasil,,,,,,,,,,
Regional Norte III,"TO, PA, MT",Província Eclesiástica de Palmas,sufragânea,Diocese,Diocese de Araguaína,2023,https://www.cnbb.org.br/norte-3/,https://pt.wikipedia.org/wiki/Circunscri%C3%A7%C3%B5es_eclesi%C3%A1sticas_cat%C3%B3licas_do_Brasil,,,,,,,,,,
Regional Nordeste I,CE,Província Eclesiástica de Fortaleza,sede metropolitana,Arquidiocese,Arquidiocese de Fortaleza,1915,https://www.cnbb.org.br/nordeste-1/,https://pt.wikipedia.org/wiki/Circunscri%C3%A7%C3%B5es_eclesi%C3%A1sticas_cat%C3%B3licas_do_Brasil,,,,,,,,,,
Regional Nordeste I,CE,Província Eclesiástica de Fortaleza,sufragânea,Diocese,Diocese de Crato,1914,https://www.cnbb.org.br/nordeste-1/,https://pt.wikipedia.org/wiki/Circunscri%C3%A7%C3%B5es_eclesi%C3%A1sticas_cat%C3%B3licas_do_Brasil,,,,,,,,,,
Regional Nordeste I,CE,Província Eclesiástica de Fortaleza,sufragânea,Diocese,Diocese de Sobral,1915,https://www.cnbb.org.br/nordeste-1/,https://pt.wikipedia.org/wiki/Circunscri%C3%A7%C3%B5es_eclesi%C3%A1sticas_cat%C3%B3licas_do_Brasil,,,,,,,,,,
Regional Nordeste I,CE,Província Eclesiástica de Fortaleza,sufragânea,Diocese,Diocese de Limoeiro do Norte,1938,https://www.cnbb.org.br/nordeste-1/,https://pt.wikipedia.org/wiki/Circunscri%C3%A7%C3%B5es_eclesi%C3%A1sticas_cat%C3%B3licas_do_Brasil,,,,,,,,,,
Regional Nordeste I,CE,Província Eclesiástica de Fortaleza,sufragânea,Diocese,Diocese de Iguatu,1961,https://www.cnbb.org.br/nordeste-1/,https://pt.wikipedia.org/wiki/Circunscri%C3%A7%C3%B5es_eclesi%C3%A1sticas_cat%C3%B3licas_do_Brasil,,,,,,,,,,
Regional Nordeste I,CE,Província Eclesiástica de Fortaleza,sufragânea,Diocese,Diocese de Crateús,1963,https://www.cnbb.org.br/nordeste-1/,https://pt.wikipedia.org/wiki/Circunscri%C3%A7%C3%B5es_eclesi%C3%A1sticas_cat%C3%B3licas_do_Brasil,,,,,,,,,,
Regional Nordeste I,CE,Província Eclesiástica de Fortaleza,sufragânea,Diocese,Diocese de Itapipoca,1971,https://www.cnbb.org.br/nordeste-1/,https://pt.wikipedia.org/wiki/Circunscri%C3%A7%C3%B5es_eclesi%C3%A1sticas_cat%C3%B3licas_do_Brasil,,,,,,,,,,
Regional Nordeste I,CE,Província Eclesiástica de Fortaleza,sufragânea,Diocese,Diocese de Quixadá,1971,https://www.cnbb.org.br/nordeste-1/,https://pt.wikipedia.org/wiki/Circunscri%C3%A7%C3%B5es_eclesi%C3%A1sticas_cat%C3%B3licas_do_Brasil,,,,,,,,,,
Regional Nordeste I,CE,Província Eclesiástica de Fortaleza,sufragânea,Diocese,Diocese de Tianguá,1971,https://www.cnbb.org.br/nordeste-1/,https://pt.wikipedia.org/wiki/Circunscri%C3%A7%C3%B5es_eclesi%C3%A1sticas_cat%C3%B3licas_do_Brasil,,,,,,,,,,
Regional Nordeste I,CE,Província Eclesiástica de Fortaleza,sufragânea,Diocese,Diocese de Baturité,2026,https://www.cnbb.org.br/nordeste-1/,https://pt.wikipedia.org/wiki/Circunscri%C3%A7%C3%B5es_eclesi%C3%A1sticas_cat%C3%B3licas_do_Brasil,,,,,,,,,,
Regional Nordeste II,"AL, PB, PE, RN",Província Eclesiástica de Olinda e Recife,sede metropolitana,Arquidiocese,Arquidiocese de Olinda e Recife,1910,https://www.cnbb.org.br/nordeste-2/,https://pt.wikipedia.org/wiki/Circunscri%C3%A7%C3%B5es_eclesi%C3%A1sticas_cat%C3%B3licas_do_Brasil,,,,,,,,,,
Regional Nordeste II,"AL, PB, PE, RN",Província Eclesiástica de Olinda e Recife,sufragânea,Diocese,Diocese de Floresta,1910,https://www.cnbb.org.br/nordeste-2/,https://pt.wikipedia.org/wiki/Circunscri%C3%A7%C3%B5es_eclesi%C3%A1sticas_cat%C3%B3licas_do_Brasil,,,,,,,,,,
Regional Nordeste II,"AL, PB, PE, RN",Província Eclesiástica de Olinda e Recife,sufragânea,Diocese,Diocese de Pesqueira,1910,https://www.cnbb.org.br/nordeste-2/,https://pt.wikipedia.org/wiki/Circunscri%C3%A7%C3%B5es_eclesi%C3%A1sticas_cat%C3%B3licas_do_Brasil,,,,,,,,,,
Regional Nordeste II,"AL, PB, PE, RN",Província Eclesiástica de Olinda e Recife,sufragânea,Diocese,Diocese de Garanhuns,1918,https://www.cnbb.org.br/nordeste-2/,https://pt.wikipedia.org/wiki/Circunscri%C3%A7%C3%B5es_eclesi%C3%A1sticas_cat%C3%B3licas_do_Brasil,,,,,,,,,,
Regional Nordeste II,"AL, PB, PE, RN",Província Eclesiástica de Olinda e Recife,sufragânea,Diocese,Diocese de Nazaré,1918,https://www.cnbb.org.br/nordeste-2/,https://pt.wikipedia.org/wiki/Circunscri%C3%A7%C3%B5es_eclesi%C3%A1sticas_cat%C3%B3licas_do_Brasil,,,,,,,,,,
Regional Nordeste II,"AL, PB, PE, RN",Província Eclesiástica de Olinda e Recife,sufragânea,Diocese,Diocese de Petrolina,1923,https://www.cnbb.org.br/nordeste-2/,https://pt.wikipedia.org/wiki/Circunscri%C3%A7%C3%B5es_eclesi%C3%A1sticas_cat%C3%B3licas_do_Brasil,,,,,,,,,,
Regional Nordeste II,"AL, PB, PE, RN",Província Eclesiástica de Olinda e Recife,sufragânea,Diocese,Diocese de Caruaru,1948,https://www.cnbb.org.br/nordeste-2/,https://pt.wikipedia.org/wiki/Circunscri%C3%A7%C3%B5es_eclesi%C3%A1sticas_cat%C3%B3licas_do_Brasil,,,,,,,,,,
Regional Nordeste II,"AL, PB, PE, RN",Província Eclesiástica de Olinda e Recife,sufragânea,Diocese,Diocese de Afogados da Ingazeira,1956,https://www.cnbb.org.br/nordeste-2/,https://pt.wikipedia.org/wiki/Circunscri%C3%A7%C3%B5es_eclesi%C3%A1sticas_cat%C3%B3licas_do_Brasil,,,,,,,,,,
Regional Nordeste II,"AL, PB, PE, RN",Província Eclesiástica de Olinda e Recife,sufragânea,Diocese,Diocese de Palmares,1962,https://www.cnbb.org.br/nordeste-2/,https://pt.wikipedia.org/wiki/Circunscri%C3%A7%C3%B5es_eclesi%C3%A1sticas_cat%C3%B3licas_do_Brasil,,,,,,,,,,
Regional Nordeste II,"AL, PB, PE, RN",Província Eclesiástica de Olinda e Recife,sufragânea,Diocese,Diocese de Salgueiro,2010,https://www.cnbb.org.br/nordeste-2/,https://pt.wikipedia.org/wiki/Circunscri%C3%A7%C3%B5es_eclesi%C3%A1sticas_cat%C3%B3licas_do_Brasil,,,,,,,,,,
Regional Nordeste II,"AL, PB, PE, RN",Província Eclesiástica da Paraíba,sede metropolitana,Arquidiocese,Arquidiocese da Paraíba,1914,https://www.cnbb.org.br/nordeste-2/,https://pt.wikipedia.org/wiki/Circunscri%C3%A7%C3%B5es_eclesi%C3%A1sticas_cat%C3%B3licas_do_Brasil,,,,,,,,,,
Regional Nordeste II,"AL, PB, PE, RN",Província Eclesiástica da Paraíba,sufragânea,Diocese,Diocese de Cajazeiras,1914,https://www.cnbb.org.br/nordeste-2/,https://pt.wikipedia.org/wiki/Circunscri%C3%A7%C3%B5es_eclesi%C3%A1sticas_cat%C3%B3licas_do_Brasil,,,,,,,,,,
Regional Nordeste II,"AL, PB, PE, RN",Província Eclesiástica da Paraíba,sufragânea,Diocese,Diocese de Campina Grande,1949,https://www.cnbb.org.br/nordeste-2/,https://pt.wikipedia.org/wiki/Circunscri%C3%A7%C3%B5es_eclesi%C3%A1sticas_cat%C3%B3licas_do_Brasil,,,,,,,,,,
Regional Nordeste II,"AL, PB, PE, RN",Província Eclesiástica da Paraíba,sufragânea,Diocese,Diocese de Patos,1959,https://www.cnbb.org.br/nordeste-2/,https://pt.wikipedia.org/wiki/Circunscri%C3%A7%C3%B5es_eclesi%C3%A1sticas_cat%C3%B3licas_do_Brasil,,,,,,,,,,
Regional Nordeste II,"AL, PB, PE, RN",Província Eclesiástica da Paraíba,sufragânea,Diocese,Diocese de Guarabira,1980,https://www.cnbb.org.br/nordeste-2/,https://pt.wikipedia.org/wiki/Circunscri%C3%A7%C3%B5es_eclesi%C3%A1sticas_cat%C3%B3licas_do_Brasil,,,,,,,,,,
Regional Nordeste II,"AL, PB, PE, RN",Província Eclesiástica de Maceió,sede metropolitana,Arquidiocese,Arquidiocese de Maceió,1920,https://www.cnbb.org.br/nordeste-2/,https://pt.wikipedia.org/wiki/Circunscri%C3%A7%C3%B5es_eclesi%C3%A1sticas_cat%C3%B3licas_do_Brasil,,,,,,,,,,
Regional Nordeste II,"AL, PB, PE, RN",Província Eclesiástica de Maceió,sufragânea,Diocese,Diocese de Penedo,1916,https://www.cnbb.org.br/nordeste-2/,https://pt.wikipedia.org/wiki/Circunscri%C3%A7%C3%B5es_eclesi%C3%A1sticas_cat%C3%B3licas_do_Brasil,,,,,,,,,,
Regional Nordeste II,"AL, PB, PE, RN",Província Eclesiástica de Maceió,sufragânea,Diocese,Diocese de Palmeira dos Índios,1962,https://www.cnbb.org.br/nordeste-2/,https://pt.wikipedia.org/wiki/Circunscri%C3%A7%C3%B5es_eclesi%C3%A1sticas_cat%C3%B3licas_do_Brasil,,,,,,,,,,
Regional Nordeste II,"AL, PB, PE, RN",Província Eclesiástica de Natal,sede metropolitana,Arquidiocese,Arquidiocese de Natal,1952,https://www.cnbb.org.br/nordeste-2/,https://pt.wikipedia.org/wiki/Circunscri%C3%A7%C3%B5es_eclesi%C3%A1sticas_cat%C3%B3licas_do_Brasil,,,,,,,,,,
Regional Nordeste II,"AL, PB, PE, RN",Província Eclesiástica de Natal,sufragânea,Diocese,Diocese de Mossoró,1934,https://www.cnbb.org.br/nordeste-2/,https://pt.wikipedia.org/wiki/Circunscri%C3%A7%C3%B5es_eclesi%C3%A1sticas_cat%C3%B3licas_do_Brasil,,,,,,,,,,
Regional Nordeste II,"AL, PB, PE, RN",Província Eclesiástica de Natal,sufragânea,Diocese,Diocese de Caicó,1939,https://www.cnbb.org.br/nordeste-2/,https://pt.wikipedia.org/wiki/Circunscri%C3%A7%C3%B5es_eclesi%C3%A1sticas_cat%C3%B3licas_do_Brasil,,,,,,,,,,
Regional Nordeste III,"BA, SE",Província Eclesiástica de São Salvador da Bahia,sede metropolitana,Arquidiocese,Arquidiocese de São Salvador da Bahia,1676,https://www.cnbb.org.br/nordeste-3/,https://pt.wikipedia.org/wiki/Circunscri%C3%A7%C3%B5es_eclesi%C3%A1sticas_cat%C3%B3licas_do_Brasil,,,,,,,,,,
Regional Nordeste III,"BA, SE",Província Eclesiástica de São Salvador da Bahia,sufragânea,Diocese,Diocese de Ilhéus,1913,https://www.cnbb.org.br/nordeste-3/,https://pt.wikipedia.org/wiki/Circunscri%C3%A7%C3%B5es_eclesi%C3%A1sticas_cat%C3%B3licas_do_Brasil,,,,,,,,,,
Regional Nordeste III,"BA, SE",Província Eclesiástica de São Salvador da Bahia,sufragânea,Diocese,Diocese de Amargosa,1941,https://www.cnbb.org.br/nordeste-3/,https://pt.wikipedia.org/wiki/Circunscri%C3%A7%C3%B5es_eclesi%C3%A1sticas_cat%C3%B3licas_do_Brasil,,,,,,,,,,
Regional Nordeste III,"BA, SE",Província Eclesiástica de São Salvador da Bahia,sufragânea,Diocese,Diocese de Teixeira de Freitas-Caravelas,1962,https://www.cnbb.org.br/nordeste-3/,https://pt.wikipedia.org/wiki/Circunscri%C3%A7%C3%B5es_eclesi%C3%A1sticas_cat%C3%B3licas_do_Brasil,,,,,,,,,,
Regional Nordeste III,"BA, SE",Província Eclesiástica de São Salvador da Bahia,sufragânea,Diocese,Diocese de Alagoinhas,1974,https://www.cnbb.org.br/nordeste-3/,https://pt.wikipedia.org/wiki/Circunscri%C3%A7%C3%B5es_eclesi%C3%A1sticas_cat%C3%B3licas_do_Brasil,,,,,,,,,,
Regional Nordeste III,"BA, SE",Província Eclesiástica de São Salvador da Bahia,sufragânea,Diocese,Diocese de Itabuna,1978,https://www.cnbb.org.br/nordeste-3/,https://pt.wikipedia.org/wiki/Circunscri%C3%A7%C3%B5es_eclesi%C3%A1sticas_cat%C3%B3licas_do_Brasil,,,,,,,,,,
Regional Nordeste III,"BA, SE",Província Eclesiástica de São Salvador da Bahia,sufragânea,Diocese,Diocese de Eunápolis,1996,https://www.cnbb.org.br/nordeste-3/,https://pt.wikipedia.org/wiki/Circunscri%C3%A7%C3%B5es_eclesi%C3%A1sticas_cat%C3%B3licas_do_Brasil,,,,,,,,,,
Regional Nordeste III,"BA, SE",Província Eclesiástica de São Salvador da Bahia,sufragânea,Diocese,Diocese de Camaçari,2010,https://www.cnbb.org.br/nordeste-3/,https://pt.wikipedia.org/wiki/Circunscri%C3%A7%C3%B5es_eclesi%C3%A1sticas_cat%C3%B3licas_do_Brasil,,,,,,,,,,
Regional Nordeste III,"BA, SE",Província Eclesiástica de São Salvador da Bahia,sufragânea,Diocese,Diocese de Cruz das Almas,2017,https://www.cnbb.org.br/nordeste-3/,https://pt.wikipedia.org/wiki/Circunscri%C3%A7%C3%B5es_eclesi%C3%A1sticas_cat%C3%B3licas_do_Brasil,,,,,,,,,,
Regional Nordeste III,"BA, SE",Província Eclesiástica de Aracaju,sede metropolitana,Arquidiocese,Arquidiocese de Aracaju,1960,https://www.cnbb.org.br/nordeste-3/,https://pt.wikipedia.org/wiki/Circunscri%C3%A7%C3%B5es_eclesi%C3%A1sticas_cat%C3%B3licas_do_Brasil,,,,,,,,,,
Regional Nordeste III,"BA, SE",Província Eclesiástica de Aracaju,sufragânea,Diocese,Diocese de Estância,1960,https://www.cnbb.org.br/nordeste-3/,https://pt.wikipedia.org/wiki/Circunscri%C3%A7%C3%B5es_eclesi%C3%A1sticas_cat%C3%B3licas_do_Brasil,,,,,,,,,,
Regional Nordeste III,"BA, SE",Província Eclesiástica de Aracaju,sufragânea,Diocese,Diocese de Propriá,1960,https://www.cnbb.org.br/nordeste-3/,https://pt.wikipedia.org/wiki/Circunscri%C3%A7%C3%B5es_eclesi%C3%A1sticas_cat%C3%B3licas_do_Brasil,,,,,,,,,,
Regional Nordeste III,"BA, SE",Província Eclesiástica de Vitória da Conquista,sede metropolitana,Arquidiocese,Arquidiocese de Vitória da Conquista,2002,https://www.cnbb.org.br/nordeste-3/,https://pt.wikipedia.org/wiki/Circunscri%C3%A7%C3%B5es_eclesi%C3%A1sticas_cat%C3%B3licas_do_Brasil,,,,,,,,,,
Regional Nordeste III,"BA, SE",Província Eclesiástica de Vitória da Conquista,sufragânea,Diocese,Diocese de Caetité,1913,https://www.cnbb.org.br/nordeste-3/,https://pt.wikipedia.org/wiki/Circunscri%C3%A7%C3%B5es_eclesi%C3%A1sticas_cat%C3%B3licas_do_Brasil,,,,,,,,,,
Regional Nordeste III,"BA, SE",Província Eclesiástica de Vitória da Conquista,sufragânea,Diocese,Diocese de Bom Jesus da Lapa,1962,https://www.cnbb.org.br/nordeste-3/,https://pt.wikipedia.org/wiki/Circunscri%C3%A7%C3%B5es_eclesi%C3%A1sticas_cat%C3%B3licas_do_Brasil,,,,,,,,,,
Regional Nordeste III,"BA, SE",Província Eclesiástica de Vitória da Conquista,sufragânea,Diocese,Diocese de Livramento de Nossa Senhora,1967,https://www.cnbb.org.br/nordeste-3/,https://pt.wikipedia.org/wiki/Circunscri%C3%A7%C3%B5es_eclesi%C3%A1sticas_cat%C3%B3licas_do_Brasil,,,,,,,,,,
Regional Nordeste III,"BA, SE",Província Eclesiástica de Vitória da Conquista,sufragânea,Diocese,Diocese de Jequié,1978,https://www.cnbb.org.br/nordeste-3/,https://pt.wikipedia.org/wiki/Circunscri%C3%A7%C3%B5es_eclesi%C3%A1sticas_cat%C3%B3licas_do_Brasil,,,,,,,,,,
Regional Nordeste III,"BA, SE",Província Eclesiástica de Feira de Santana,sede metropolitana,Arquidiocese,Arquidiocese de Feira de Santana,2002,https://www.cnbb.org.br/nordeste-3/,https://pt.wikipedia.org/wiki/Circunscri%C3%A7%C3%B5es_eclesi%C3%A1sticas_cat%C3%B3licas_do_Brasil,,,,,,,,,,
Regional Nordeste III,"BA, SE",Província Eclesiástica de Feira de Santana,sufragânea,Diocese,Diocese de Barra,1913,https://www.cnbb.org.br/nordeste-3/,https://pt.wikipedia.org/wiki/Circunscri%C3%A7%C3%B5es_eclesi%C3%A1sticas_cat%C3%B3licas_do_Brasil,,,,,,,,,,
Regional Nordeste III,"BA, SE",Província Eclesiástica de Feira de Santana,sufragânea,Diocese,Diocese de Bonfim,1933,https://www.cnbb.org.br/nordeste-3/,https://pt.wikipedia.org/wiki/Circunscri%C3%A7%C3%B5es_eclesi%C3%A1sticas_cat%C3%B3licas_do_Brasil,,,,,,,,,,
Regional Nordeste III,"BA, SE",Província Eclesiástica de Feira de Santana,sufragânea,Diocese,Diocese de Ruy Barbosa,1959,https://www.cnbb.org.br/nordeste-3/,https://pt.wikipedia.org/wiki/Circunscri%C3%A7%C3%B5es_eclesi%C3%A1sticas_cat%C3%B3licas_do_Brasil,,,,,,,,,,
Regional Nordeste III,"BA, SE",Província Eclesiástica de Feira de Santana,sufragânea,Diocese,Diocese de Juazeiro,1962,https://www.cnbb.org.br/nordeste-3/,https://pt.wikipedia.org/wiki/Circunscri%C3%A7%C3%B5es_eclesi%C3%A1sticas_cat%C3%B3licas_do_Brasil,,,,,,,,,,
Regional Nordeste III,"BA, SE",Província Eclesiástica de Feira de Santana,sufragânea,Diocese,Diocese de Paulo Afonso,1971,https://www.cnbb.org.br/nordeste-3/,https://pt.wikipedia.org/wiki/Circunscri%C3%A7%C3%B5es_eclesi%C3%A1sticas_cat%C3%B3licas_do_Brasil,,,,,,,,,,
Regional Nordeste III,"BA, SE",Província Eclesiástica de Feira de Santana,sufragânea,Diocese,Diocese de Barreiras,1979,https://www.cnbb.org.br/nordeste-3/,https://pt.wikipedia.org/wiki/Circunscri%C3%A7%C3%B5es_eclesi%C3%A1sticas_cat%C3%B3licas_do_Brasil,,,,,,,,,,
Regional Nordeste III,"BA, SE",Província Eclesiástica de Feira de Santana,sufragânea,Diocese,Diocese de Irecê,1980,https://www.cnbb.org.br/nordeste-3/,https://pt.wikipedia.org/wiki/Circunscri%C3%A7%C3%B5es_eclesi%C3%A1sticas_cat%C3%B3licas_do_Brasil,,,,,,,,,,
Regional Nordeste III,"BA, SE",Província Eclesiástica de Feira de Santana,sufragânea,Diocese,Diocese de Serrinha,2005,https://www.cnbb.org.br/nordeste-3/,https://pt.wikipedia.org/wiki/Circunscri%C3%A7%C3%B5es_eclesi%C3%A1sticas_cat%C3%B3licas_do_Brasil,,,,,,,,,,
Regional Nordeste IV,PI,Província Eclesiástica de Teresina,sede metropolitana,Arquidiocese,Arquidiocese de Teresina,1952,https://www.cnbb.org.br/nordeste-4/,https://pt.wikipedia.org/wiki/Circunscri%C3%A7%C3%B5es_eclesi%C3%A1sticas_cat%C3%B3licas_do_Brasil,,,,,,,,,,
Regional Nordeste IV,PI,Província Eclesiástica de Teresina,sufragânea,Diocese,Diocese de Oeiras,1944,https://www.cnbb.org.br/nordeste-4/,https://pt.wikipedia.org/wiki/Circunscri%C3%A7%C3%B5es_eclesi%C3%A1sticas_cat%C3%B3licas_do_Brasil,,,,,,,,,,
Regional Nordeste IV,PI,Província Eclesiástica de Teresina,sufragânea,Diocese,Diocese de Parnaíba,1944,https://www.cnbb.org.br/nordeste-4/,https://pt.wikipedia.org/wiki/Circunscri%C3%A7%C3%B5es_eclesi%C3%A1sticas_cat%C3%B3licas_do_Brasil,,,,,,,,,,
Regional Nordeste IV,PI,Província Eclesiástica de Teresina,sufragânea,Diocese,Diocese de Picos,1974,https://www.cnbb.org.br/nordeste-4/,https://pt.wikipedia.org/wiki/Circunscri%C3%A7%C3%B5es_eclesi%C3%A1sticas_cat%C3%B3licas_do_Brasil,,,,,,,,,,
Regional Nordeste IV,PI,Província Eclesiástica de Teresina,sufragânea,Diocese,Diocese de Campo Maior,1976,https://www.cnbb.org.br/nordeste-4/,https://pt.wikipedia.org/wiki/Circunscri%C3%A7%C3%B5es_eclesi%C3%A1sticas_cat%C3%B3licas_do_Brasil,,,,,,,,,,
Regional Nordeste IV,PI,Província Eclesiástica de Teresina,sufragânea,Diocese,Diocese de São Raimundo Nonato,1981,https://www.cnbb.org.br/nordeste-4/,https://pt.wikipedia.org/wiki/Circunscri%C3%A7%C3%B5es_eclesi%C3%A1sticas_cat%C3%B3licas_do_Brasil,,,,,,,,,,
Regional Nordeste IV,PI,Província Eclesiástica de Teresina,sufragânea,Diocese,Diocese de Bom Jesus do Gurgueia,1981,https://www.cnbb.org.br/nordeste-4/,https://pt.wikipedia.org/wiki/Circunscri%C3%A7%C3%B5es_eclesi%C3%A1sticas_cat%C3%B3licas_do_Brasil,,,,,,,,,,
Regional Nordeste IV,PI,Província Eclesiástica de Teresina,sufragânea,Diocese,Diocese de Floriano,2008,https://www.cnbb.org.br/nordeste-4/,https://pt.wikipedia.org/wiki/Circunscri%C3%A7%C3%B5es_eclesi%C3%A1sticas_cat%C3%B3licas_do_Brasil,,,,,,,,,,
Regional Nordeste V,MA,Província Eclesiástica de São Luís do Maranhão,sede metropolitana,Arquidiocese,Arquidiocese de São Luís do Maranhão,1922,https://www.cnbb.org.br/nordeste-5/,https://pt.wikipedia.org/wiki/Circunscri%C3%A7%C3%B5es_eclesi%C3%A1sticas_cat%C3%B3licas_do_Brasil,,,,,,,,,,
Regional Nordeste V,MA,Província Eclesiástica de São Luís do Maranhão,sufragânea,Diocese,Diocese de Caxias do Maranhão,1939,https://www.cnbb.org.br/nordeste-5/,https://pt.wikipedia.org/wiki/Circunscri%C3%A7%C3%B5es_eclesi%C3%A1sticas_cat%C3%B3licas_do_Brasil,,,,,,,,,,
Regional Nordeste V,MA,Província Eclesiástica de São Luís do Maranhão,sufragânea,Diocese,Diocese de Zé Doca,1951,https://www.cnbb.org.br/nordeste-5/,https://pt.wikipedia.org/wiki/Circunscri%C3%A7%C3%B5es_eclesi%C3%A1sticas_cat%C3%B3licas_do_Brasil,,,,,,,,,,
Regional Nordeste V,MA,Província Eclesiástica de São Luís do Maranhão,sufragânea,Diocese,Diocese de Viana (Brasil),1962,https://www.cnbb.org.br/nordeste-5/,https://pt.wikipedia.org/wiki/Circunscri%C3%A7%C3%B5es_eclesi%C3%A1sticas_cat%C3%B3licas_do_Brasil,,,,,,,,,,
Regional Nordeste V,MA,Província Eclesiástica de São Luís do Maranhão,sufragânea,Diocese,Diocese de Bacabal,1968,https://www.cnbb.org.br/nordeste-5/,https://pt.wikipedia.org/wiki/Circunscri%C3%A7%C3%B5es_eclesi%C3%A1sticas_cat%C3%B3licas_do_Brasil,,,,,,,,,,
Regional Nordeste V,MA,Província Eclesiástica de São Luís do Maranhão,sufragânea,Diocese,Diocese de Brejo,1971,https://www.cnbb.org.br/nordeste-5/,https://pt.wikipedia.org/wiki/Circunscri%C3%A7%C3%B5es_eclesi%C3%A1sticas_cat%C3%B3licas_do_Brasil,,,,,,,,,,
Regional Nordeste V,MA,Província Eclesiástica de São Luís do Maranhão,sufragânea,Diocese,Diocese de Coroatá,1977,https://www.cnbb.org.br/nordeste-5/,https://pt.wikipedia.org/wiki/Circunscri%C3%A7%C3%B5es_eclesi%C3%A1sticas_cat%C3%B3licas_do_Brasil,,,,,,,,,,
Regional Nordeste V,MA,Província Eclesiástica de São Luís do Maranhão,sufragânea,Diocese,Diocese de Pinheiro,1979,https://www.cnbb.org.br/nordeste-5/,https://pt.wikipedia.org/wiki/Circunscri%C3%A7%C3%B5es_eclesi%C3%A1sticas_cat%C3%B3licas_do_Brasil,,,,,,,,,,
Regional Nordeste V,MA,Província Eclesiástica de São Luís do Maranhão,sufragânea,Diocese,Diocese de Carolina,1979,https://www.cnbb.org.br/nordeste-5/,https://pt.wikipedia.org/wiki/Circunscri%C3%A7%C3%B5es_eclesi%C3%A1sticas_cat%C3%B3licas_do_Brasil,,,,,,,,,,
Regional Nordeste V,MA,Província Eclesiástica de São Luís do Maranhão,sufragânea,Diocese,Diocese de Balsas,1981,https://www.cnbb.org.br/nordeste-5/,https://pt.wikipedia.org/wiki/Circunscri%C3%A7%C3%B5es_eclesi%C3%A1sticas_cat%C3%B3licas_do_Brasil,,,,,,,,,,
Regional Nordeste V,MA,Província Eclesiástica de São Luís do Maranhão,sufragânea,Diocese,Diocese de Grajaú,1984,https://www.cnbb.org.br/nordeste-5/,https://pt.wikipedia.org/wiki/Circunscri%C3%A7%C3%B5es_eclesi%C3%A1sticas_cat%C3%B3licas_do_Brasil,,,,,,,,,,
Regional Nordeste V,MA,Província Eclesiástica de São Luís do Maranhão,sufragânea,Diocese,Diocese de Imperatriz,1987,https://www.cnbb.org.br/nordeste-5/,https://pt.wikipedia.org/wiki/Circunscri%C3%A7%C3%B5es_eclesi%C3%A1sticas_cat%C3%B3licas_do_Brasil,,,,,,,,,,
Regional Leste 1,RJ,Província Eclesiástica de São Sebastião do Rio de Janeiro,sede metropolitana,Arquidiocese,Arquidiocese do Rio de Janeiro,1892,https://www.cnbb.org.br/leste-1/,https://pt.wikipedia.org/wiki/Circunscri%C3%A7%C3%B5es_eclesi%C3%A1sticas_cat%C3%B3licas_do_Brasil,,,,,,,,,,
Regional Leste 1,RJ,Província Eclesiástica de São Sebastião do Rio de Janeiro,sufragânea,Diocese,Diocese de Barra do Piraí-Volta Redonda,1922,https://www.cnbb.org.br/leste-1/,https://pt.wikipedia.org/wiki/Circunscri%C3%A7%C3%B5es_eclesi%C3%A1sticas_cat%C3%B3licas_do_Brasil,,,,,,,,,,
Regional Leste 1,RJ,Província Eclesiástica de São Sebastião do Rio de Janeiro,sufragânea,Diocese,Diocese de Valença,1925,https://www.cnbb.org.br/leste-1/,https://pt.wikipedia.org/wiki/Circunscri%C3%A7%C3%B5es_eclesi%C3%A1sticas_cat%C3%B3licas_do_Brasil,,,,,,,,,,
Regional Leste 1,RJ,Província Eclesiástica de São Sebastião do Rio de Janeiro,sufragânea,Diocese,Diocese de Nova Iguaçu,1960,https://www.cnbb.org.br/leste-1/,https://pt.wikipedia.org/wiki/Circunscri%C3%A7%C3%B5es_eclesi%C3%A1sticas_cat%C3%B3licas_do_Brasil,,,,,,,,,,
Regional Leste 1,RJ,Província Eclesiástica de São Sebastião do Rio de Janeiro,sufragânea,Diocese,Diocese de Itaguaí,1980,https://www.cnbb.org.br/leste-1/,https://pt.wikipedia.org/wiki/Circunscri%C3%A7%C3%B5es_eclesi%C3%A1sticas_cat%C3%B3licas_do_Brasil,,,,,,,,,,
Regional Leste 1,RJ,Província Eclesiástica de São Sebastião do Rio de Janeiro,sufragânea,Diocese,Diocese de Duque de Caxias,1980,https://www.cnbb.org.br/leste-1/,https://pt.wikipedia.org/wiki/Circunscri%C3%A7%C3%B5es_eclesi%C3%A1sticas_cat%C3%B3licas_do_Brasil,,,,,,,,,,
Regional Leste 1,RJ,Província Eclesiástica de Niterói,sede metropolitana,Arquidiocese,Arquidiocese de Niterói,1960,https://www.cnbb.org.br/leste-1/,https://pt.wikipedia.org/wiki/Circunscri%C3%A7%C3%B5es_eclesi%C3%A1sticas_cat%C3%B3licas_do_Brasil,,,,,,,,,,
Regional Leste 1,RJ,Província Eclesiástica de Niterói,sufragânea,Diocese,Diocese de Campos,1922,https://www.cnbb.org.br/leste-1/,https://pt.wikipedia.org/wiki/Circunscri%C3%A7%C3%B5es_eclesi%C3%A1sticas_cat%C3%B3licas_do_Brasil,,,,,,,,,,
Regional Leste 1,RJ,Província Eclesiástica de Niterói,sufragânea,Diocese,Diocese de Petrópolis,1946,https://www.cnbb.org.br/leste-1/,https://pt.wikipedia.org/wiki/Circunscri%C3%A7%C3%B5es_eclesi%C3%A1sticas_cat%C3%B3licas_do_Brasil,,,,,,,,,,
Regional Leste 1,RJ,Província Eclesiástica de Niterói,sufragânea,Diocese,Diocese de Nova Friburgo,1960,https://www.cnbb.org.br/leste-1/,https://pt.wikipedia.org/wiki/Circunscri%C3%A7%C3%B5es_eclesi%C3%A1sticas_cat%C3%B3licas_do_Brasil,,,,,,,,,,
Regional Leste 1,RJ,Província Eclesiástica de Niterói,sufragânea,Administração Apostólica,Administração Apostólica Pessoal São João Maria Vianney,2002,https://www.cnbb.org.br/leste-1/,https://pt.wikipedia.org/wiki/Circunscri%C3%A7%C3%B5es_eclesi%C3%A1sticas_cat%C3%B3licas_do_Brasil,,,,,,,,,,
Regional Leste 2,MG,Província Eclesiástica de Mariana,sede metropolitana,Arquidiocese,Arquidiocese de Mariana,1906,https://www.cnbb.org.br/leste-2/,https://pt.wikipedia.org/wiki/Circunscri%C3%A7%C3%B5es_eclesi%C3%A1sticas_cat%C3%B3licas_do_Brasil,,,,,,,,,,
Regional Leste 2,MG,Província Eclesiástica de Mariana,sufragânea,Diocese,Diocese de Caratinga,1915,https://www.cnbb.org.br/leste-2/,https://pt.wikipedia.org/wiki/Circunscri%C3%A7%C3%B5es_eclesi%C3%A1sticas_cat%C3%B3licas_do_Brasil,,,,,,,,,,
Regional Leste 2,MG,Província Eclesiástica de Mariana,sufragânea,Diocese,Diocese de Governador Valadares,1956,https://www.cnbb.org.br/leste-2/,https://pt.wikipedia.org/wiki/Circunscri%C3%A7%C3%B5es_eclesi%C3%A1sticas_cat%C3%B3licas_do_Brasil,,,,,,,,,,
Regional Leste 2,MG,Província Eclesiástica de Mariana,sufragânea,Diocese,Diocese de Itabira-Fabriciano,1965,https://www.cnbb.org.br/leste-2/,https://pt.wikipedia.org/wiki/Circunscri%C3%A7%C3%B5es_eclesi%C3%A1sticas_cat%C3%B3licas_do_Brasil,,,,,,,,,,
Regional Leste 2,MG,Província Eclesiástica de Diamantina,sede metropolitana,Arquidiocese,Arquidiocese de Diamantina,1917,https://www.cnbb.org.br/leste-2/,https://pt.wikipedia.org/wiki/Circunscri%C3%A7%C3%B5es_eclesi%C3%A1sticas_cat%C3%B3licas_do_Brasil,,,,,,,,,,
Regional Leste 2,MG,Província Eclesiástica de Diamantina,sufragânea,Diocese,Diocese de Araçuaí,1913,https://www.cnbb.org.br/leste-2/,https://pt.wikipedia.org/wiki/Circunscri%C3%A7%C3%B5es_eclesi%C3%A1sticas_cat%C3%B3licas_do_Brasil,,,,,,,,,,
Regional Leste 2,MG,Província Eclesiástica de Diamantina,sufragânea,Diocese,Diocese de Teófilo Otoni,1960,https://www.cnbb.org.br/leste-2/,https://pt.wikipedia.org/wiki/Circunscri%C3%A7%C3%B5es_eclesi%C3%A1sticas_cat%C3%B3licas_do_Brasil,,,,,,,,,,
Regional Leste 2,MG,Província Eclesiástica de Diamantina,sufragânea,Diocese,Diocese de Almenara,1981,https://www.cnbb.org.br/leste-2/,https://pt.wikipedia.org/wiki/Circunscri%C3%A7%C3%B5es_eclesi%C3%A1sticas_cat%C3%B3licas_do_Brasil,,,,,,,,,,
Regional Leste 2,MG,Província Eclesiástica de Diamantina,sufragânea,Diocese,Diocese de Guanhães,1985,https://www.cnbb.org.br/leste-2/,https://pt.wikipedia.org/wiki/Circunscri%C3%A7%C3%B5es_eclesi%C3%A1sticas_cat%C3%B3licas_do_Brasil,,,,,,,,,,
Regional Leste 2,MG,Província Eclesiástica de Belo Horizonte,sede metropolitana,Arquidiocese,Arquidiocese de Belo Horizonte,1924,https://www.cnbb.org.br/leste-2/,https://pt.wikipedia.org/wiki/Circunscri%C3%A7%C3%B5es_eclesi%C3%A1sticas_cat%C3%B3licas_do_Brasil,,,,,,,,,,
Regional Leste 2,MG,Província Eclesiástica de Belo Horizonte,sufragânea,Diocese,Diocese de Luz,1918,https://www.cnbb.org.br/leste-2/,https://pt.wikipedia.org/wiki/Circunscri%C3%A7%C3%B5es_eclesi%C3%A1sticas_cat%C3%B3licas_do_Brasil,,,,,,,,,,
Regional Leste 2,MG,Província Eclesiástica de Belo Horizonte,sufragânea,Diocese,Diocese de Oliveira,1941,https://www.cnbb.org.br/leste-2/,https://pt.wikipedia.org/wiki/Circunscri%C3%A7%C3%B5es_eclesi%C3%A1sticas_cat%C3%B3licas_do_Brasil,,,,,,,,,,
Regional Leste 2,MG,Província Eclesiástica de Belo Horizonte,sufragânea,Diocese,Diocese de Sete Lagoas,1955,https://www.cnbb.org.br/leste-2/,https://pt.wikipedia.org/wiki/Circunscri%C3%A7%C3%B5es_eclesi%C3%A1sticas_cat%C3%B3licas_do_Brasil,,,,,,,,,,
Regional Leste 2,MG,Província Eclesiástica de Belo Horizonte,sufragânea,Diocese,Diocese de Divinópolis,1958,https://www.cnbb.org.br/leste-2/,https://pt.wikipedia.org/wiki/Circunscri%C3%A7%C3%B5es_eclesi%C3%A1sticas_cat%C3%B3licas_do_Brasil,,,,,,,,,,
Regional Leste 2,MG,Província Eclesiástica de Pouso Alegre,sede metropolitana,Arquidiocese,Arquidiocese de Pouso Alegre,1962,https://www.cnbb.org.br/leste-2/,https://pt.wikipedia.org/wiki/Circunscri%C3%A7%C3%B5es_eclesi%C3%A1sticas_cat%C3%B3licas_do_Brasil,,,,,,,,,,
Regional Leste 2,MG,Província Eclesiástica de Pouso Alegre,sufragânea,Diocese,Diocese da Campanha,1907,https://www.cnbb.org.br/leste-2/,https://pt.wikipedia.org/wiki/Circunscri%C3%A7%C3%B5es_eclesi%C3%A1sticas_cat%C3%B3licas_do_Brasil,,,,,,,,,,
Regional Leste 2,MG,Província Eclesiástica de Pouso Alegre,sufragânea,Diocese,Diocese de Guaxupé,1916,https://www.cnbb.org.br/leste-2/,https://pt.wikipedia.org/wiki/Circunscri%C3%A7%C3%B5es_eclesi%C3%A1sticas_cat%C3%B3licas_do_Brasil,,,,,,,,,,
Regional Leste 2,MG,Província Eclesiástica de Uberaba,sede metropolitana,Arquidiocese,Arquidiocese de Uberaba,1962,https://www.cnbb.org.br/leste-2/,https://pt.wikipedia.org/wiki/Circunscri%C3%A7%C3%B5es_eclesi%C3%A1sticas_cat%C3%B3licas_do_Brasil,,,,,,,,,,
Regional Leste 2,MG,Província Eclesiástica de Uberaba,sufragânea,Diocese,Diocese de Patos de Minas,1955,https://www.cnbb.org.br/leste-2/,https://pt.wikipedia.org/wiki/Circunscri%C3%A7%C3%B5es_eclesi%C3%A1sticas_cat%C3%B3licas_do_Brasil,,,,,,,,,,
Regional Leste 2,MG,Província Eclesiástica de Uberaba,sufragânea,Diocese,Diocese de Uberlândia,1961,https://www.cnbb.org.br/leste-2/,https://pt.wikipedia.org/wiki/Circunscri%C3%A7%C3%B5es_eclesi%C3%A1sticas_cat%C3%B3licas_do_Brasil,,,,,,,,,,
Regional Leste 2,MG,Província Eclesiástica de Uberaba,sufragânea,Diocese,Diocese de Ituiutaba,1982,https://www.cnbb.org.br/leste-2/,https://pt.wikipedia.org/wiki/Circunscri%C3%A7%C3%B5es_eclesi%C3%A1sticas_cat%C3%B3licas_do_Brasil,,,,,,,,,,
Regional Leste 2,MG,Província Eclesiástica de Juiz de Fora,sede metropolitana,Arquidiocese,Arquidiocese de Juiz de Fora,1962,https://www.cnbb.org.br/leste-2/,https://pt.wikipedia.org/wiki/Circunscri%C3%A7%C3%B5es_eclesi%C3%A1sticas_cat%C3%B3licas_do_Brasil,,,,,,,,,,
Regional Leste 2,MG,Província Eclesiástica de Juiz de Fora,sufragânea,Diocese,Diocese de Leopoldina,1942,https://www.cnbb.org.br/leste-2/,https://pt.wikipedia.org/wiki/Circunscri%C3%A7%C3%B5es_eclesi%C3%A1sticas_cat%C3%B3licas_do_Brasil,,,,,,,,,,
Regional Leste 2,MG,Província Eclesiástica de Juiz de Fora,sufragânea,Diocese,Diocese de São João del Rei,1960,https://www.cnbb.org.br/leste-2/,https://pt.wikipedia.org/wiki/Circunscri%C3%A7%C3%B5es_eclesi%C3%A1sticas_cat%C3%B3licas_do_Brasil,,,,,,,,,,
Regional Leste 2,MG,Província Eclesiástica de Montes Claros,sede metropolitana,Arquidiocese,Arquidiocese de Montes Claros,2001,https://www.cnbb.org.br/leste-2/,https://pt.wikipedia.org/wiki/Circunscri%C3%A7%C3%B5es_eclesi%C3%A1sticas_cat%C3%B3licas_do_Brasil,,,,,,,,,,
Regional Leste 2,MG,Província Eclesiástica de Montes Claros,sufragânea,Diocese,Diocese de Januária,1957,https://www.cnbb.org.br/leste-2/,https://pt.wikipedia.org/wiki/Circunscri%C3%A7%C3%B5es_eclesi%C3%A1sticas_cat%C3%B3licas_do_Brasil,,,,,,,,,,
Regional Leste 2,MG,Província Eclesiástica de Montes Claros,sufragânea,Diocese,Diocese de Paracatu,1962,https://www.cnbb.org.br/leste-2/,https://pt.wikipedia.org/wiki/Circunscri%C3%A7%C3%B5es_eclesi%C3%A1sticas_cat%C3%B3licas_do_Brasil,,,,,,,,,,
Regional Leste 2,MG,Província Eclesiástica de Montes Claros,sufragânea,Diocese,Diocese de Janaúba,2000,https://www.cnbb.org.br/leste-2/,https://pt.wikipedia.org/wiki/Circunscri%C3%A7%C3%B5es_eclesi%C3%A1sticas_cat%C3%B3licas_do_Brasil,,,,,,,,,,
Regional Leste 3,ES,Província Eclesiástica de Vitória,sede metropolitana,Arquidiocese,Arquidiocese de Vitória,1958,https://www.cnbb.org.br/leste-3/,https://pt.wikipedia.org/wiki/Circunscri%C3%A7%C3%B5es_eclesi%C3%A1sticas_cat%C3%B3licas_do_Brasil,,,,,,,,,,
Regional Leste 3,ES,Província Eclesiástica de Vitória,sufragânea,Diocese,Diocese de São Mateus,1958,https://www.cnbb.org.br/leste-3/,https://pt.wikipedia.org/wiki/Circunscri%C3%A7%C3%B5es_eclesi%C3%A1sticas_cat%C3%B3licas_do_Brasil,,,,,,,,,,
Regional Leste 3,ES,Província Eclesiástica de Vitória,sufragânea,Diocese,Diocese de Cachoeiro de Itapemirim,1958,https://www.cnbb.org.br/leste-3/,https://pt.wikipedia.org/wiki/Circunscri%C3%A7%C3%B5es_eclesi%C3%A1sticas_cat%C3%B3licas_do_Brasil,,,,,,,,,,
Regional Leste 3,ES,Província Eclesiástica de Vitória,sufragânea,Diocese,Diocese de Colatina,1990,https://www.cnbb.org.br/leste-3/,https://pt.wikipedia.org/wiki/Circunscri%C3%A7%C3%B5es_eclesi%C3%A1sticas_cat%C3%B3licas_do_Brasil,,,,,,,,,,
Regional Centro-Oeste,"GO, MT, DF",Província Eclesiástica de Goiânia,sede metropolitana,Arquidiocese,Arquidiocese de Goiânia,1956,https://www.cnbb.org.br/centro-oeste/,https://pt.wikipedia.org/wiki/Circunscri%C3%A7%C3%B5es_eclesi%C3%A1sticas_cat%C3%B3licas_do_Brasil,,,,,,,,,,
Regional Centro-Oeste,"GO, MT, DF",Província Eclesiástica de Goiânia,sufragânea,Diocese,Diocese de Goiás,1826,https://www.cnbb.org.br/centro-oeste/,https://pt.wikipedia.org/wiki/Circunscri%C3%A7%C3%B5es_eclesi%C3%A1sticas_cat%C3%B3licas_do_Brasil,,,,,,,,,,
Regional Centro-Oeste,"GO, MT, DF",Província Eclesiástica de Goiânia,sufragânea,Diocese,Diocese de Jataí,1956,https://www.cnbb.org.br/centro-oeste/,https://pt.wikipedia.org/wiki/Circunscri%C3%A7%C3%B5es_eclesi%C3%A1sticas_cat%C3%B3licas_do_Brasil,,,,,,,,,,
Regional Centro-Oeste,"GO, MT, DF",Província Eclesiástica de Goiânia,sufragânea,Diocese,Diocese de Ipameri,1966,https://www.cnbb.org.br/centro-oeste/,https://pt.wikipedia.org/wiki/Circunscri%C3%A7%C3%B5es_eclesi%C3%A1sticas_cat%C3%B3licas_do_Brasil,,,,,,,,,,
Regional Centro-Oeste,"GO, MT, DF",Província Eclesiástica de Goiânia,sufragânea,Diocese,Diocese de Anápolis,1966,https://www.cnbb.org.br/centro-oeste/,https://pt.wikipedia.org/wiki/Circunscri%C3%A7%C3%B5es_eclesi%C3%A1sticas_cat%C3%B3licas_do_Brasil,,,,,,,,,,
Regional Centro-Oeste,"GO, MT, DF",Província Eclesiástica de Goiânia,sufragânea,Diocese,Diocese de Itumbiara,1966,https://www.cnbb.org.br/centro-oeste/,https://pt.wikipedia.org/wiki/Circunscri%C3%A7%C3%B5es_eclesi%C3%A1sticas_cat%C3%B3licas_do_Brasil,,,,,,,,,,
Regional Centro-Oeste,"GO, MT, DF",Província Eclesiástica de Goiânia,sufragânea,Diocese,Diocese de Rubiataba-Mozarlândia,1966,https://www.cnbb.org.br/centro-oeste/,https://pt.wikipedia.org/wiki/Circunscri%C3%A7%C3%B5es_eclesi%C3%A1sticas_cat%C3%B3licas_do_Brasil,,,,,,,,,,
Regional Centro-Oeste,"GO, MT, DF",Província Eclesiástica de Goiânia,sufragânea,Diocese,Diocese de São Luís de Montes Belos,1981,https://www.cnbb.org.br/centro-oeste/,https://pt.wikipedia.org/wiki/Circunscri%C3%A7%C3%B5es_eclesi%C3%A1sticas_cat%C3%B3licas_do_Brasil,,,,,,,,,,
Regional Centro-Oeste,"GO, MT, DF",Província Eclesiástica de Brasília,sede metropolitana,Arquidiocese,Arquidiocese de Brasília,1966,https://www.cnbb.org.br/centro-oeste/,https://pt.wikipedia.org/wiki/Circunscri%C3%A7%C3%B5es_eclesi%C3%A1sticas_cat%C3%B3licas_do_Brasil,,,,,,,,,,
Regional Centro-Oeste,"GO, MT, DF",Província Eclesiástica de Brasília,sufragânea,Diocese,Diocese de Uruaçu,1956,https://www.cnbb.org.br/centro-oeste/,https://pt.wikipedia.org/wiki/Circunscri%C3%A7%C3%B5es_eclesi%C3%A1sticas_cat%C3%B3licas_do_Brasil,,,,,,,,,,
Regional Centro-Oeste,"GO, MT, DF",Província Eclesiástica de Brasília,sufragânea,Diocese,Diocese de Formosa,1979,https://www.cnbb.org.br/centro-oeste/,https://pt.wikipedia.org/wiki/Circunscri%C3%A7%C3%B5es_eclesi%C3%A1sticas_cat%C3%B3licas_do_Brasil,,,,,,,,,,
Regional Centro-Oeste,"GO, MT, DF",Província Eclesiástica de Brasília,sufragânea,Diocese,Diocese de Luziânia,1989,https://www.cnbb.org.br/centro-oeste/,https://pt.wikipedia.org/wiki/Circunscri%C3%A7%C3%B5es_eclesi%C3%A1sticas_cat%C3%B3licas_do_Brasil,,,,,,,,,,
Regional Oeste I,MS,Província Eclesiástica de Campo Grande,sede metropolitana,Arquidiocese,Arquidiocese de Campo Grande,1978,https://www.cnbb.org.br/oeste-1/,https://pt.wikipedia.org/wiki/Circunscri%C3%A7%C3%B5es_eclesi%C3%A1sticas_cat%C3%B3licas_do_Brasil,,,,,,,,,,
Regional Oeste I,MS,Província Eclesiástica de Campo Grande,sufragânea,Diocese,Diocese de Corumbá,1910,https://www.cnbb.org.br/oeste-1/,https://pt.wikipedia.org/wiki/Circunscri%C3%A7%C3%B5es_eclesi%C3%A1sticas_cat%C3%B3licas_do_Brasil,,,,,,,,,,
Regional Oeste I,MS,Província Eclesiástica de Campo Grande,sufragânea,Diocese,Diocese de Dourados,1957,https://www.cnbb.org.br/oeste-1/,https://pt.wikipedia.org/wiki/Circunscri%C3%A7%C3%B5es_eclesi%C3%A1sticas_cat%C3%B3licas_do_Brasil,,,,,,,,,,
Regional Oeste I,MS,Província Eclesiástica de Campo Grande,sufragânea,Diocese,Diocese de Três Lagoas,1978,https://www.cnbb.org.br/oeste-1/,https://pt.wikipedia.org/wiki/Circunscri%C3%A7%C3%B5es_eclesi%C3%A1sticas_cat%C3%B3licas_do_Brasil,,,,,,,,,,
Regional Oeste I,MS,Província Eclesiástica de Campo Grande,sufragânea,Diocese,Diocese de Coxim,1978,https://www.cnbb.org.br/oeste-1/,https://pt.wikipedia.org/wiki/Circunscri%C3%A7%C3%B5es_eclesi%C3%A1sticas_cat%C3%B3licas_do_Brasil,,,,,,,,,,
Regional Oeste I,MS,Província Eclesiástica de Campo Grande,sufragânea,Diocese,Diocese de Jardim,1981,https://www.cnbb.org.br/oeste-1/,https://pt.wikipedia.org/wiki/Circunscri%C3%A7%C3%B5es_eclesi%C3%A1sticas_cat%C3%B3licas_do_Brasil,,,,,,,,,,
Regional Oeste I,MS,Província Eclesiástica de Campo Grande,sufragânea,Diocese,Diocese de Naviraí,2011,https://www.cnbb.org.br/oeste-1/,https://pt.wikipedia.org/wiki/Circunscri%C3%A7%C3%B5es_eclesi%C3%A1sticas_cat%C3%B3licas_do_Brasil,,,,,,,,,,
Regional Oeste II,MT,Província Eclesiástica de Cuiabá,sede metropolitana,Arquidiocese,Arquidiocese de Cuiabá,1910,https://www.cnbb.org.br/oeste-2/,https://pt.wikipedia.org/wiki/Circunscri%C3%A7%C3%B5es_eclesi%C3%A1sticas_cat%C3%B3licas_do_Brasil,,,,,,,,,,
Regional Oeste II,MT,Província Eclesiástica de Cuiabá,sufragânea,Diocese,Diocese de São Luiz de Cáceres,1910,https://www.cnbb.org.br/oeste-2/,https://pt.wikipedia.org/wiki/Circunscri%C3%A7%C3%B5es_eclesi%C3%A1sticas_cat%C3%B3licas_do_Brasil,,,,,,,,,,
Regional Oeste II,MT,Província Eclesiástica de Cuiabá,sufragânea,Diocese,Diocese de Diamantino,1979,https://www.cnbb.org.br/oeste-2/,https://pt.wikipedia.org/wiki/Circunscri%C3%A7%C3%B5es_eclesi%C3%A1sticas_cat%C3%B3licas_do_Brasil,,,,,,,,,,
Regional Oeste II,MT,Província Eclesiástica de Cuiabá,sufragânea,Diocese,Diocese de Sinop,1982,https://www.cnbb.org.br/oeste-2/,https://pt.wikipedia.org/wiki/Circunscri%C3%A7%C3%B5es_eclesi%C3%A1sticas_cat%C3%B3licas_do_Brasil,,,,,,,,,,
Regional Oeste II,MT,Província Eclesiástica de Cuiabá,sufragânea,Diocese,Diocese de Barra do Garças,1982,https://www.cnbb.org.br/oeste-2/,https://pt.wikipedia.org/wiki/Circunscri%C3%A7%C3%B5es_eclesi%C3%A1sticas_cat%C3%B3licas_do_Brasil,,,,,,,,,,
Regional Oeste II,MT,Província Eclesiástica de Cuiabá,sufragânea,Diocese,Diocese de Juína,1997,https://www.cnbb.org.br/oeste-2/,https://pt.wikipedia.org/wiki/Circunscri%C3%A7%C3%B5es_eclesi%C3%A1sticas_cat%C3%B3licas_do_Brasil,,,,,,,,,,
Regional Oeste II,MT,Província Eclesiástica de Cuiabá,sufragânea,Diocese,Diocese de Rondonópolis-Guiratinga,2014,https://www.cnbb.org.br/oeste-2/,https://pt.wikipedia.org/wiki/Circunscri%C3%A7%C3%B5es_eclesi%C3%A1sticas_cat%C3%B3licas_do_Brasil,,,,,,,,,,
Regional Oeste II,MT,Província Eclesiástica de Cuiabá,sufragânea,Diocese,Diocese de Primavera do Leste-Paranatinga,2014,https://www.cnbb.org.br/oeste-2/,https://pt.wikipedia.org/wiki/Circunscri%C3%A7%C3%B5es_eclesi%C3%A1sticas_cat%C3%B3licas_do_Brasil,,,,,,,,,,
Regional Noroeste,"RO, AC, AM, MT",Província Eclesiástica de Porto Velho,sede metropolitana,Arquidiocese,Arquidiocese de Porto Velho,1982,https://www.cnbb.org.br/noroeste/,https://pt.wikipedia.org/wiki/Circunscri%C3%A7%C3%B5es_eclesi%C3%A1sticas_cat%C3%B3licas_do_Brasil,,,,,,,,,,
Regional Noroeste,"RO, AC, AM, MT",Província Eclesiástica de Porto Velho,sufragânea,Prelazia,Prelazia de Lábrea,1925,https://www.cnbb.org.br/noroeste/,https://pt.wikipedia.org/wiki/Circunscri%C3%A7%C3%B5es_eclesi%C3%A1sticas_cat%C3%B3licas_do_Brasil,,,,,,,,,,
Regional Noroeste,"RO, AC, AM, MT",Província Eclesiástica de Porto Velho,sufragânea,Diocese,Diocese de Humaitá,1979,https://www.cnbb.org.br/noroeste/,https://pt.wikipedia.org/wiki/Circunscri%C3%A7%C3%B5es_eclesi%C3%A1sticas_cat%C3%B3licas_do_Brasil,,,,,,,,,,
Regional Noroeste,"RO, AC, AM, MT",Província Eclesiástica de Porto Velho,sufragânea,Diocese,Diocese de Guajará-Mirim,1979,https://www.cnbb.org.br/noroeste/,https://pt.wikipedia.org/wiki/Circunscri%C3%A7%C3%B5es_eclesi%C3%A1sticas_cat%C3%B3licas_do_Brasil,,,,,,,,,,
Regional Noroeste,"RO, AC, AM, MT",Província Eclesiástica de Porto Velho,sufragânea,Diocese,Diocese de Ji-Paraná,1983,https://www.cnbb.org.br/noroeste/,https://pt.wikipedia.org/wiki/Circunscri%C3%A7%C3%B5es_eclesi%C3%A1sticas_cat%C3%B3licas_do_Brasil,,,,,,,,,,
Regional Noroeste,"RO, AC, AM, MT",Província Eclesiástica de Porto Velho,sufragânea,Diocese,Diocese de Rio Branco,1986,https://www.cnbb.org.br/noroeste/,https://pt.wikipedia.org/wiki/Circunscri%C3%A7%C3%B5es_eclesi%C3%A1sticas_cat%C3%B3licas_do_Brasil,,,,,,,,,,
Regional Noroeste,"RO, AC, AM, MT",Província Eclesiástica de Porto Velho,sufragânea,Diocese,Diocese de Cruzeiro do Sul,1987,https://www.cnbb.org.br/noroeste/,https://pt.wikipedia.org/wiki/Circunscri%C3%A7%C3%B5es_eclesi%C3%A1sticas_cat%C3%B3licas_do_Brasil,,,,,,,,,,
Regional Sul 1,SP,Província Eclesiástica de São Paulo,sede metropolitana,Arquidiocese,Arquidiocese de São Paulo,1908,https://www.cnbb.org.br/sul-1/,https://pt.wikipedia.org/wiki/Circunscri%C3%A7%C3%B5es_eclesi%C3%A1sticas_cat%C3%B3licas_do_Brasil,,,,,,,,,,
Regional Sul 1,SP,Província Eclesiástica de São Paulo,sufragânea,Diocese,Diocese de Santos,1924,https://www.cnbb.org.br/sul-1/,https://pt.wikipedia.org/wiki/Circunscri%C3%A7%C3%B5es_eclesi%C3%A1sticas_cat%C3%B3licas_do_Brasil,,,,,,,,,,
Regional Sul 1,SP,Província Eclesiástica de São Paulo,sufragânea,Diocese,Diocese de Santo André,1954,https://www.cnbb.org.br/sul-1/,https://pt.wikipedia.org/wiki/Circunscri%C3%A7%C3%B5es_eclesi%C3%A1sticas_cat%C3%B3licas_do_Brasil,,,,,,,,,,
Regional Sul 1,SP,Província Eclesiástica de São Paulo,sufragânea,Diocese,Diocese de Mogi das Cruzes,1962,https://www.cnbb.org.br/sul-1/,https://pt.wikipedia.org/wiki/Circunscri%C3%A7%C3%B5es_eclesi%C3%A1sticas_cat%C3%B3licas_do_Brasil,,,,,,,,,,
Regional Sul 1,SP,Província Eclesiástica de São Paulo,sufragânea,Diocese,Diocese de Guarulhos,1981,https://www.cnbb.org.br/sul-1/,https://pt.wikipedia.org/wiki/Circunscri%C3%A7%C3%B5es_eclesi%C3%A1sticas_cat%C3%B3licas_do_Brasil,,,,,,,,,,
Regional Sul 1,SP,Província Eclesiástica de São Paulo,sufragânea,Diocese,Diocese de Osasco,1989,https://www.cnbb.org.br/sul-1/,https://pt.wikipedia.org/wiki/Circunscri%C3%A7%C3%B5es_eclesi%C3%A1sticas_cat%C3%B3licas_do_Brasil,,,,,,,,,,
Regional Sul 1,SP,Província Eclesiástica de São Paulo,sufragânea,Diocese,Diocese de Santo Amaro,1989,https://www.cnbb.org.br/sul-1/,https://pt.wikipedia.org/wiki/Circunscri%C3%A7%C3%B5es_eclesi%C3%A1sticas_cat%C3%B3licas_do_Brasil,,,,,,,,,,
Regional Sul 1,SP,Província Eclesiástica de São Paulo,sufragânea,Diocese,Diocese de Campo Limpo,1989,https://www.cnbb.org.br/sul-1/,https://pt.wikipedia.org/wiki/Circunscri%C3%A7%C3%B5es_eclesi%C3%A1sticas_cat%C3%B3licas_do_Brasil,,,,,,,,,,
Regional Sul 1,SP,Província Eclesiástica de São Paulo,sufragânea,Diocese,Diocese de São Miguel Paulista,1989,https://www.cnbb.org.br/sul-1/,https://pt.wikipedia.org/wiki/Circunscri%C3%A7%C3%B5es_eclesi%C3%A1sticas_cat%C3%B3licas_do_Brasil,,,,,,,,,,
Regional Sul 1,SP,Província Eclesiástica de Botucatu,sede metropolitana,Arquidiocese,Arquidiocese de Botucatu,1958,https://www.cnbb.org.br/sul-1/,https://pt.wikipedia.org/wiki/Circunscri%C3%A7%C3%B5es_eclesi%C3%A1sticas_cat%C3%B3licas_do_Brasil,,,,,,,,,,
Regional Sul 1,SP,Província Eclesiástica de Botucatu,sufragânea,Diocese,Diocese de Lins,1926,https://www.cnbb.org.br/sul-1/,https://pt.wikipedia.org/wiki/Circunscri%C3%A7%C3%B5es_eclesi%C3%A1sticas_cat%C3%B3licas_do_Brasil,,,,,,,,,,
Regional Sul 1,SP,Província Eclesiástica de Botucatu,sufragânea,Diocese,Diocese de Assis,1928,https://www.cnbb.org.br/sul-1/,https://pt.wikipedia.org/wiki/Circunscri%C3%A7%C3%B5es_eclesi%C3%A1sticas_cat%C3%B3licas_do_Brasil,,,,,,,,,,
Regional Sul 1,SP,Província Eclesiástica de Botucatu,sufragânea,Diocese,Diocese de Marília,1952,https://www.cnbb.org.br/sul-1/,https://pt.wikipedia.org/wiki/Circunscri%C3%A7%C3%B5es_eclesi%C3%A1sticas_cat%C3%B3licas_do_Brasil,,,,,,,,,,
Regional Sul 1,SP,Província Eclesiástica de Botucatu,sufragânea,Diocese,Diocese de Presidente Prudente,1960,https://www.cnbb.org.br/sul-1/,https://pt.wikipedia.org/wiki/Circunscri%C3%A7%C3%B5es_eclesi%C3%A1sticas_cat%C3%B3licas_do_Brasil,,,,,,,,,,
Regional Sul 1,SP,Província Eclesiástica de Botucatu,sufragânea,Diocese,Diocese de Bauru,1964,https://www.cnbb.org.br/sul-1/,https://pt.wikipedia.org/wiki/Circunscri%C3%A7%C3%B5es_eclesi%C3%A1sticas_cat%C3%B3licas_do_Brasil,,,,,,,,,,
Regional Sul 1,SP,Província Eclesiástica de Botucatu,sufragânea,Diocese,Diocese de Araçatuba,1994,https://www.cnbb.org.br/sul-1/,https://pt.wikipedia.org/wiki/Circunscri%C3%A7%C3%B5es_eclesi%C3%A1sticas_cat%C3%B3licas_do_Brasil,,,,,,,,,,
Regional Sul 1,SP,Província Eclesiástica de Botucatu,sufragânea,Diocese,Diocese de Ourinhos,1998,https://www.cnbb.org.br/sul-1/,https://pt.wikipedia.org/wiki/Circunscri%C3%A7%C3%B5es_eclesi%C3%A1sticas_cat%C3%B3licas_do_Brasil,,,,,,,,,,
Regional Sul 1,SP,Província Eclesiástica de Campinas,sede metropolitana,Arquidiocese,Arquidiocese de Campinas,1958,https://www.cnbb.org.br/sul-1/,https://pt.wikipedia.org/wiki/Circunscri%C3%A7%C3%B5es_eclesi%C3%A1sticas_cat%C3%B3licas_do_Brasil,,,,,,,,,,
Regional Sul 1,SP,Província Eclesiástica de Campinas,sufragânea,Diocese,Diocese de São Carlos,1908,https://www.cnbb.org.br/sul-1/,https://pt.wikipedia.org/wiki/Circunscri%C3%A7%C3%B5es_eclesi%C3%A1sticas_cat%C3%B3licas_do_Brasil,,,,,,,,,,
Regional Sul 1,SP,Província Eclesiástica de Campinas,sufragânea,Diocese,Diocese de Bragança Paulista,1925,https://www.cnbb.org.br/sul-1/,https://pt.wikipedia.org/wiki/Circunscri%C3%A7%C3%B5es_eclesi%C3%A1sticas_cat%C3%B3licas_do_Brasil,,,,,,,,,,
Regional Sul 1,SP,Província Eclesiástica de Campinas,sufragânea,Diocese,Diocese de Piracicaba,1944,https://www.cnbb.org.br/sul-1/,https://pt.wikipedia.org/wiki/Circunscri%C3%A7%C3%B5es_eclesi%C3%A1sticas_cat%C3%B3licas_do_Brasil,,,,,,,,,,
Regional Sul 1,SP,Província Eclesiástica de Campinas,sufragânea,Diocese,Diocese de Limeira,1976,https://www.cnbb.org.br/sul-1/,https://pt.wikipedia.org/wiki/Circunscri%C3%A7%C3%B5es_eclesi%C3%A1sticas_cat%C3%B3licas_do_Brasil,,,,,,,,,,
Regional Sul 1,SP,Província Eclesiástica de Campinas,sufragânea,Diocese,Diocese de Amparo,1997,https://www.cnbb.org.br/sul-1/,https://pt.wikipedia.org/wiki/Circunscri%C3%A7%C3%B5es_eclesi%C3%A1sticas_cat%C3%B3licas_do_Brasil,,,,,,,,,,
Regional Sul 1,SP,Província Eclesiástica de Campinas,sufragânea,Diocese,Diocese de Jaú,2024,https://www.cnbb.org.br/sul-1/,https://pt.wikipedia.org/wiki/Circunscri%C3%A7%C3%B5es_eclesi%C3%A1sticas_cat%C3%B3licas_do_Brasil,,,,,,,,,,
Regional Sul 1,SP,Província Eclesiástica de Ribeirão Preto,sede metropolitana,Arquidiocese,Arquidiocese de Ribeirão Preto,1958,https://www.cnbb.org.br/sul-1/,https://pt.wikipedia.org/wiki/Circunscri%C3%A7%C3%B5es_eclesi%C3%A1sticas_cat%C3%B3licas_do_Brasil,,,,,,,,,,
Regional Sul 1,SP,Província Eclesiástica de Ribeirão Preto,sufragânea,Diocese,Diocese de Jaboticabal,1929,https://www.cnbb.org.br/sul-1/,https://pt.wikipedia.org/wiki/Circunscri%C3%A7%C3%B5es_eclesi%C3%A1sticas_cat%C3%B3licas_do_Brasil,,,,,,,,,,
Regional Sul 1,SP,Província Eclesiástica de Ribeirão Preto,sufragânea,Diocese,Diocese de São João da Boa Vista,1960,https://www.cnbb.org.br/sul-1/,https://pt.wikipedia.org/wiki/Circunscri%C3%A7%C3%B5es_eclesi%C3%A1sticas_cat%C3%B3licas_do_Brasil,,,,,,,,,,
Regional Sul 1,SP,Província Eclesiástica de Ribeirão Preto,sufragânea,Diocese,Diocese de Franca,1971,https://www.cnbb.org.br/sul-1/,https://pt.wikipedia.org/wiki/Circunscri%C3%A7%C3%B5es_eclesi%C3%A1sticas_cat%C3%B3licas_do_Brasil,,,,,,,,,,
Regional Sul 1,SP,Província Eclesiástica de Aparecida,sede metropolitana,Arquidiocese,Arquidiocese de Aparecida,1958,https://www.cnbb.org.br/sul-1/,https://pt.wikipedia.org/wiki/Circunscri%C3%A7%C3%B5es_eclesi%C3%A1sticas_cat%C3%B3licas_do_Brasil,,,,,,,,,,
Regional Sul 1,SP,Província Eclesiástica de Aparecida,sufragânea,Diocese,Diocese de Taubaté,1908,https://www.cnbb.org.br/sul-1/,https://pt.wikipedia.org/wiki/Circunscri%C3%A7%C3%B5es_eclesi%C3%A1sticas_cat%C3%B3licas_do_Brasil,,,,,,,,,,
Regional Sul 1,SP,Província Eclesiástica de Aparecida,sufragânea,Diocese,Diocese de Lorena,1937,https://www.cnbb.org.br/sul-1/,https://pt.wikipedia.org/wiki/Circunscri%C3%A7%C3%B5es_eclesi%C3%A1sticas_cat%C3%B3licas_do_Brasil,,,,,,,,,,
Regional Sul 1,SP,Província Eclesiástica de Aparecida,sufragânea,Diocese,Diocese de São José dos Campos,1981,https://www.cnbb.org.br/sul-1/,https://pt.wikipedia.org/wiki/Circunscri%C3%A7%C3%B5es_eclesi%C3%A1sticas_cat%C3%B3licas_do_Brasil,,,,,,,,,,
Regional Sul 1,SP,Província Eclesiástica de Aparecida,sufragânea,Diocese,Diocese de Caraguatatuba,1999,https://www.cnbb.org.br/sul-1/,https://pt.wikipedia.org/wiki/Circunscri%C3%A7%C3%B5es_eclesi%C3%A1sticas_cat%C3%B3licas_do_Brasil,,,,,,,,,,
Regional Sul 1,SP,Província Eclesiástica de Sorocaba,sede metropolitana,Arquidiocese,Arquidiocese de Sorocaba,1992,https://www.cnbb.org.br/sul-1/,https://pt.wikipedia.org/wiki/Circunscri%C3%A7%C3%B5es_eclesi%C3%A1sticas_cat%C3%B3licas_do_Brasil,,,,,,,,,,
Regional Sul 1,SP,Província Eclesiástica de Sorocaba,sufragânea,Diocese,Diocese de Jundiaí,1966,https://www.cnbb.org.br/sul-1/,https://pt.wikipedia.org/wiki/Circunscri%C3%A7%C3%B5es_eclesi%C3%A1sticas_cat%C3%B3licas_do_Brasil,,,,,,,,,,
Regional Sul 1,SP,Província Eclesiástica de Sorocaba,sufragânea,Diocese,Diocese de Itapeva,1968,https://www.cnbb.org.br/sul-1/,https://pt.wikipedia.org/wiki/Circunscri%C3%A7%C3%B5es_eclesi%C3%A1sticas_cat%C3%B3licas_do_Brasil,,,,,,,,,,
Regional Sul 1,SP,Província Eclesiástica de Sorocaba,sufragânea,Diocese,Diocese de Registro,1974,https://www.cnbb.org.br/sul-1/,https://pt.wikipedia.org/wiki/Circunscri%C3%A7%C3%B5es_eclesi%C3%A1sticas_cat%C3%B3licas_do_Brasil,,,,,,,,,,
Regional Sul 1,SP,Província Eclesiástica de Sorocaba,sufragânea,Diocese,Diocese de Itapetininga,1998,https://www.cnbb.org.br/sul-1/,https://pt.wikipedia.org/wiki/Circunscri%C3%A7%C3%B5es_eclesi%C3%A1sticas_cat%C3%B3licas_do_Brasil,,,,,,,,,,
Regional Sul 1,SP,Província Eclesiástica de São José do Rio Preto,sede metropolitana,Arquidiocese,Arquidiocese de São José do Rio Preto,2025,https://www.cnbb.org.br/sul-1/,https://pt.wikipedia.org/wiki/Circunscri%C3%A7%C3%B5es_eclesi%C3%A1sticas_cat%C3%B3licas_do_Brasil,,,,,,,,,,
Regional Sul 1,SP,Província Eclesiástica de São José do Rio Preto,sufragânea,Diocese,Diocese de Barretos,1973,https://www.cnbb.org.br/sul-1/,https://pt.wikipedia.org/wiki/Circunscri%C3%A7%C3%B5es_eclesi%C3%A1sticas_cat%C3%B3licas_do_Brasil,,,,,,,,,,
Regional Sul 1,SP,Província Eclesiástica de São José do Rio Preto,sufragânea,Diocese,Diocese de Catanduva,2000,https://www.cnbb.org.br/sul-1/,https://pt.wikipedia.org/wiki/Circunscri%C3%A7%C3%B5es_eclesi%C3%A1sticas_cat%C3%B3licas_do_Brasil,,,,,,,,,,
Regional Sul 1,SP,Província Eclesiástica de São José do Rio Preto,sufragânea,Diocese,Diocese de Jales,1959,https://www.cnbb.org.br/sul-1/,https://pt.wikipedia.org/wiki/Circunscri%C3%A7%C3%B5es_eclesi%C3%A1sticas_cat%C3%B3licas_do_Brasil,,,,,,,,,,
Regional Sul 1,SP,Província Eclesiástica de São José do Rio Preto,sufragânea,Diocese,Diocese de Votuporanga,2016,https://www.cnbb.org.br/sul-1/,https://pt.wikipedia.org/wiki/Circunscri%C3%A7%C3%B5es_eclesi%C3%A1sticas_cat%C3%B3licas_do_Brasil,,,,,,,,,,
Regional Sul 2,PR,Província Eclesiástica de Curitiba,sede metropolitana,Arquidiocese,Arquidiocese de Curitiba,1926,https://www.cnbb.org.br/sul2/,https://pt.wikipedia.org/wiki/Circunscri%C3%A7%C3%B5es_eclesi%C3%A1sticas_cat%C3%B3licas_do_Brasil,,,,,,,,,,
Regional Sul 2,PR,Província Eclesiástica de Curitiba,sufragânea,Diocese,Diocese de Ponta Grossa,1926,https://www.cnbb.org.br/sul2/,https://pt.wikipedia.org/wiki/Circunscri%C3%A7%C3%B5es_eclesi%C3%A1sticas_cat%C3%B3licas_do_Brasil,,,,,,,,,,
Regional Sul 2,PR,Província Eclesiástica de Curitiba,sufragânea,Diocese,Diocese de Paranaguá,1962,https://www.cnbb.org.br/sul2/,https://pt.wikipedia.org/wiki/Circunscri%C3%A7%C3%B5es_eclesi%C3%A1sticas_cat%C3%B3licas_do_Brasil,,,,,,,,,,
Regional Sul 2,PR,Província Eclesiástica de Curitiba,sufragânea,Diocese,Diocese de Guarapuava,1965,https://www.cnbb.org.br/sul2/,https://pt.wikipedia.org/wiki/Circunscri%C3%A7%C3%B5es_eclesi%C3%A1sticas_cat%C3%B3licas_do_Brasil,,,,,,,,,,
Regional Sul 2,PR,Província Eclesiástica de Curitiba,sufragânea,Diocese,Diocese de União da Vitória,1976,https://www.cnbb.org.br/sul2/,https://pt.wikipedia.org/wiki/Circunscri%C3%A7%C3%B5es_eclesi%C3%A1sticas_cat%C3%B3licas_do_Brasil,,,,,,,,,,
Regional Sul 2,PR,Província Eclesiástica de Curitiba,sufragânea,Diocese,Diocese de São José dos Pinhais,2006,https://www.cnbb.org.br/sul2/,https://pt.wikipedia.org/wiki/Circunscri%C3%A7%C3%B5es_eclesi%C3%A1sticas_cat%C3%B3licas_do_Brasil,,,,,,,,,,
Regional Sul 2,PR,Província Eclesiástica de Londrina,sede metropolitana,Arquidiocese,Arquidiocese de Londrina,1970,https://www.cnbb.org.br/sul2/,https://pt.wikipedia.org/wiki/Circunscri%C3%A7%C3%B5es_eclesi%C3%A1sticas_cat%C3%B3licas_do_Brasil,,,,,,,,,,
Regional Sul 2,PR,Província Eclesiástica de Londrina,sufragânea,Diocese,Diocese de Jacarezinho,1926,https://www.cnbb.org.br/sul2/,https://pt.wikipedia.org/wiki/Circunscri%C3%A7%C3%B5es_eclesi%C3%A1sticas_cat%C3%B3licas_do_Brasil,,,,,,,,,,
Regional Sul 2,PR,Província Eclesiástica de Londrina,sufragânea,Diocese,Diocese de Apucarana,1962,https://www.cnbb.org.br/sul2/,https://pt.wikipedia.org/wiki/Circunscri%C3%A7%C3%B5es_eclesi%C3%A1sticas_cat%C3%B3licas_do_Brasil,,,,,,,,,,
Regional Sul 2,PR,Província Eclesiástica de Londrina,sufragânea,Diocese,Diocese de Cornélio Procópio,1965,https://www.cnbb.org.br/sul2/,https://pt.wikipedia.org/wiki/Circunscri%C3%A7%C3%B5es_eclesi%C3%A1sticas_cat%C3%B3licas_do_Brasil,,,,,,,,,,
Regional Sul 2,PR,Província Eclesiástica de Maringá,sede metropolitana,Arquidiocese,Arquidiocese de Maringá,1979,https://www.cnbb.org.br/sul2/,https://pt.wikipedia.org/wiki/Circunscri%C3%A7%C3%B5es_eclesi%C3%A1sticas_cat%C3%B3licas_do_Brasil,,,,,,,,,,
Regional Sul 2,PR,Província Eclesiástica de Maringá,sufragânea,Diocese,Diocese de Campo Mourão,1926,https://www.cnbb.org.br/sul2/,https://pt.wikipedia.org/wiki/Circunscri%C3%A7%C3%B5es_eclesi%C3%A1sticas_cat%C3%B3licas_do_Brasil,,,,,,,,,,
Regional Sul 2,PR,Província Eclesiástica de Maringá,sufragânea,Diocese,Diocese de Paranavaí,1962,https://www.cnbb.org.br/sul2/,https://pt.wikipedia.org/wiki/Circunscri%C3%A7%C3%B5es_eclesi%C3%A1sticas_cat%C3%B3licas_do_Brasil,,,,,,,,,,
Regional Sul 2,PR,Província Eclesiástica de Maringá,sufragânea,Diocese,Diocese de Umuarama,1965,https://www.cnbb.org.br/sul2/,https://pt.wikipedia.org/wiki/Circunscri%C3%A7%C3%B5es_eclesi%C3%A1sticas_cat%C3%B3licas_do_Brasil,,,,,,,,,,
Regional Sul 2,PR,Província Eclesiástica de Cascavel,sede metropolitana,Arquidiocese,Arquidiocese de Cascavel,1979,https://www.cnbb.org.br/sul2/,https://pt.wikipedia.org/wiki/Circunscri%C3%A7%C3%B5es_eclesi%C3%A1sticas_cat%C3%B3licas_do_Brasil,,,,,,,,,,
Regional Sul 2,PR,Província Eclesiástica de Cascavel,sufragânea,Diocese,Diocese de Palmas e Francisco Beltrão,1958,https://www.cnbb.org.br/sul2/,https://pt.wikipedia.org/wiki/Circunscri%C3%A7%C3%B5es_eclesi%C3%A1sticas_cat%C3%B3licas_do_Brasil,,,,,,,,,,
Regional Sul 2,PR,Província Eclesiástica de Cascavel,sufragânea,Diocese,Diocese de Toledo,1959,https://www.cnbb.org.br/sul2/,https://pt.wikipedia.org/wiki/Circunscri%C3%A7%C3%B5es_eclesi%C3%A1sticas_cat%C3%B3licas_do_Brasil,,,,,,,,,,
Regional Sul 2,PR,Província Eclesiástica de Cascavel,sufragânea,Diocese,Diocese de Foz do Iguaçu,1978,https://www.cnbb.org.br/sul2/,https://pt.wikipedia.org/wiki/Circunscri%C3%A7%C3%B5es_eclesi%C3%A1sticas_cat%C3%B3licas_do_Brasil,,,,,,,,,,
Regional Sul 3,RS,Província Eclesiástica de Porto Alegre,sede metropolitana,Arquidiocese,Arquidiocese de Porto Alegre,1910,https://www.cnbb.org.br/sul-3/,https://pt.wikipedia.org/wiki/Circunscri%C3%A7%C3%B5es_eclesi%C3%A1sticas_cat%C3%B3licas_do_Brasil,,,,,,,,,,
Regional Sul 3,RS,Província Eclesiástica de Porto Alegre,sufragânea,Diocese,Diocese de Caxias do Sul,1934,https://www.cnbb.org.br/sul-3/,https://pt.wikipedia.org/wiki/Circunscri%C3%A7%C3%B5es_eclesi%C3%A1sticas_cat%C3%B3licas_do_Brasil,,,,,,,,,,
Regional Sul 3,RS,Província Eclesiástica de Porto Alegre,sufragânea,Diocese,Diocese de Novo Hamburgo,1980,https://www.cnbb.org.br/sul-3/,https://pt.wikipedia.org/wiki/Circunscri%C3%A7%C3%B5es_eclesi%C3%A1sticas_cat%C3%B3licas_do_Brasil,,,,,,,,,,
Regional Sul 3,RS,Província Eclesiástica de Porto Alegre,sufragânea,Diocese,Diocese de Osório,1999,https://www.cnbb.org.br/sul-3/,https://pt.wikipedia.org/wiki/Circunscri%C3%A7%C3%B5es_eclesi%C3%A1sticas_cat%C3%B3licas_do_Brasil,,,,,,,,,,
Regional Sul 3,RS,Província Eclesiástica de Porto Alegre,sufragânea,Diocese,Diocese de Montenegro,2008,https://www.cnbb.org.br/sul-3/,https://pt.wikipedia.org/wiki/Circunscri%C3%A7%C3%B5es_eclesi%C3%A1sticas_cat%C3%B3licas_do_Brasil,,,,,,,,,,
Regional Sul 3,RS,Província Eclesiástica de Passo Fundo,sede metropolitana,Arquidiocese,Arquidiocese de Passo Fundo,2011,https://www.cnbb.org.br/sul-3/,https://pt.wikipedia.org/wiki/Circunscri%C3%A7%C3%B5es_eclesi%C3%A1sticas_cat%C3%B3licas_do_Brasil,,,,,,,,,,
Regional Sul 3,RS,Província Eclesiástica de Passo Fundo,sufragânea,Diocese,Diocese de Vacaria,1957,https://www.cnbb.org.br/sul-3/,https://pt.wikipedia.org/wiki/Circunscri%C3%A7%C3%B5es_eclesi%C3%A1sticas_cat%C3%B3licas_do_Brasil,,,,,,,,,,
Regional Sul 3,RS,Província Eclesiástica de Passo Fundo,sufragânea,Diocese,Diocese de Frederico Westphalen,1961,https://www.cnbb.org.br/sul-3/,https://pt.wikipedia.org/wiki/Circunscri%C3%A7%C3%B5es_eclesi%C3%A1sticas_cat%C3%B3licas_do_Brasil,,,,,,,,,,
Regional Sul 3,RS,Província Eclesiástica de Passo Fundo,sufragânea,Diocese,Diocese de Erechim,1971,https://www.cnbb.org.br/sul-3/,https://pt.wikipedia.org/wiki/Circunscri%C3%A7%C3%B5es_eclesi%C3%A1sticas_cat%C3%B3licas_do_Brasil,,,,,,,,,,
Regional Sul 3,RS,Província Eclesiástica de Pelotas,sede metropolitana,Arquidiocese,Arquidiocese de Pelotas,2011,https://www.cnbb.org.br/sul-3/,https://pt.wikipedia.org/wiki/Circunscri%C3%A7%C3%B5es_eclesi%C3%A1sticas_cat%C3%B3licas_do_Brasil,,,,,,,,,,
Regional Sul 3,RS,Província Eclesiástica de Pelotas,sufragânea,Diocese,Diocese de Bagé,1960,https://www.cnbb.org.br/sul-3/,https://pt.wikipedia.org/wiki/Circunscri%C3%A7%C3%B5es_eclesi%C3%A1sticas_cat%C3%B3licas_do_Brasil,,,,,,,,,,
Regional Sul 3,RS,Província Eclesiástica de Pelotas,sufragânea,Diocese,Diocese de Rio Grande,1971,https://www.cnbb.org.br/sul-3/,https://pt.wikipedia.org/wiki/Circunscri%C3%A7%C3%B5es_eclesi%C3%A1sticas_cat%C3%B3licas_do_Brasil,,,,,,,,,,
Regional Sul 3,RS,Província Eclesiástica de Santa Maria,sede metropolitana,Arquidiocese,Arquidiocese de Santa Maria,2011,https://www.cnbb.org.br/sul-3/,https://pt.wikipedia.org/wiki/Circunscri%C3%A7%C3%B5es_eclesi%C3%A1sticas_cat%C3%B3licas_do_Brasil,,,,,,,,,,
Regional Sul 3,RS,Província Eclesiástica de Santa Maria,sufragânea,Diocese,Diocese de Uruguaiana,1910,https://www.cnbb.org.br/sul-3/,https://pt.wikipedia.org/wiki/Circunscri%C3%A7%C3%B5es_eclesi%C3%A1sticas_cat%C3%B3licas_do_Brasil,,,,,,,,,,
Regional Sul 3,RS,Província Eclesiástica de Santa Maria,sufragânea,Diocese,Diocese de Santa Cruz do Sul,1959,https://www.cnbb.org.br/sul-3/,https://pt.wikipedia.org/wiki/Circunscri%C3%A7%C3%B5es_eclesi%C3%A1sticas_cat%C3%B3licas_do_Brasil,,,,,,,,,,
Regional Sul 3,RS,Província Eclesiástica de Santa Maria,sufragânea,Diocese,Diocese de Santo Ângelo,1961,https://www.cnbb.org.br/sul-3/,https://pt.wikipedia.org/wiki/Circunscri%C3%A7%C3%B5es_eclesi%C3%A1sticas_cat%C3%B3licas_do_Brasil,,,,,,,,,,
Regional Sul 3,RS,Província Eclesiástica de Santa Maria,sufragânea,Diocese,Diocese de Cruz Alta,1973,https://www.cnbb.org.br/sul-3/,https://pt.wikipedia.org/wiki/Circunscri%C3%A7%C3%B5es_eclesi%C3%A1sticas_cat%C3%B3licas_do_Brasil,,,,,,,,,,
Regional Sul 3,RS,Província Eclesiástica de Santa Maria,sufragânea,Diocese,Diocese de Cachoeira do Sul,1991,https://www.cnbb.org.br/sul-3/,https://pt.wikipedia.org/wiki/Circunscri%C3%A7%C3%B5es_eclesi%C3%A1sticas_cat%C3%B3licas_do_Brasil,,,,,,,,,,
Regional Sul 4,SC,Província Eclesiástica de Florianópolis,sede metropolitana,Arquidiocese,Arquidiocese de Florianópolis,1927,https://www.cnbb.org.br/sul-4/,https://pt.wikipedia.org/wiki/Circunscri%C3%A7%C3%B5es_eclesi%C3%A1sticas_cat%C3%B3licas_do_Brasil,,,,,,,,,,
Regional Sul 4,SC,Província Eclesiástica de Florianópolis,sufragânea,Diocese,Diocese de Tubarão,1954,https://www.cnbb.org.br/sul-4/,https://pt.wikipedia.org/wiki/Circunscri%C3%A7%C3%B5es_eclesi%C3%A1sticas_cat%C3%B3licas_do_Brasil,,,,,,,,,,
Regional Sul 4,SC,Província Eclesiástica de Florianópolis,sufragânea,Diocese,Diocese de Criciúma,1998,https://www.cnbb.org.br/sul-4/,https://pt.wikipedia.org/wiki/Circunscri%C3%A7%C3%B5es_eclesi%C3%A1sticas_cat%C3%B3licas_do_Brasil,,,,,,,,,,
Regional Sul 4,SC,Província Eclesiástica de Chapecó,sede metropolitana,Arquidiocese,Arquidiocese de Chapecó,2024,https://www.cnbb.org.br/sul-4/,https://pt.wikipedia.org/wiki/Circunscri%C3%A7%C3%B5es_eclesi%C3%A1sticas_cat%C3%B3licas_do_Brasil,,,,,,,,,,
Regional Sul 4,SC,Província Eclesiástica de Chapecó,sufragânea,Diocese,Diocese de Lages,1927,https://www.cnbb.org.br/sul-4/,https://pt.wikipedia.org/wiki/Circunscri%C3%A7%C3%B5es_eclesi%C3%A1sticas_cat%C3%B3licas_do_Brasil,,,,,,,,,,
Regional Sul 4,SC,Província Eclesiástica de Chapecó,sufragânea,Diocese,Diocese de Caçador,1968,https://www.cnbb.org.br/sul-4/,https://pt.wikipedia.org/wiki/Circunscri%C3%A7%C3%B5es_eclesi%C3%A1sticas_cat%C3%B3licas_do_Brasil,,,,,,,,,,
Regional Sul 4,SC,Província Eclesiástica de Chapecó,sufragânea,Diocese,Diocese de Joaçaba,1975,https://www.cnbb.org.br/sul-4/,https://pt.wikipedia.org/wiki/Circunscri%C3%A7%C3%B5es_eclesi%C3%A1sticas_cat%C3%B3licas_do_Brasil,,,,,,,,,,
Regional Sul 4,SC,Província Eclesiástica de Joinville,sede metropolitana,Arquidiocese,Arquidiocese de Joinville,2024,https://www.cnbb.org.br/sul-4/,https://pt.wikipedia.org/wiki/Circunscri%C3%A7%C3%B5es_eclesi%C3%A1sticas_cat%C3%B3licas_do_Brasil,,,,,,,,,,
Regional Sul 4,SC,Província Eclesiástica de Joinville,sufragânea,Diocese,Diocese de Rio do Sul,1968,https://www.cnbb.org.br/sul-4/,https://pt.wikipedia.org/wiki/Circunscri%C3%A7%C3%B5es_eclesi%C3%A1sticas_cat%C3%B3licas_do_Brasil,,,,,,,,,,
Regional Sul 4,SC,Província Eclesiástica de Joinville,sufragânea,Diocese,Diocese de Blumenau,2000,https://www.cnbb.org.br/sul-4/,https://pt.wikipedia.org/wiki/Circunscri%C3%A7%C3%B5es_eclesi%C3%A1sticas_cat%C3%B3licas_do_Brasil,,,,,,,,,,
